Survived,Unnamed: 0,Pclass,Age,Fare,Age_bin,Fare_bin,Ticket_group,Initial,Family_size,Is_alone,Embarked_Q,Embarked_S,Sex_male,Deck_B,Deck_C,Deck_D,Deck_E,Deck_F,Deck_G,Deck_T,Deck_Unknown
0,0,3,22.0,7.25,2,1,1,0,2,0,False,True,True,False,False,False,False,False,False,False,True
1,1,1,38.0,71.2833,4,11,1,1,2,0,False,False,False,False,True,False,False,False,False,False,False
1,2,3,26.0,7.925,3,3,1,2,1,1,False,True,False,False,False,False,False,False,False,False,True
1,3,1,35.0,53.1,4,10,2,1,2,0,False,True,False,False,True,False,False,False,False,False,False
0,4,3,35.0,8.05,4,3,1,0,1,1,False,True,True,False,False,False,False,False,False,False,True
0,5,3,28.0,8.4583,3,4,1,0,1,1,True,False,True,False,False,False,False,False,False,False,True
0,6,1,54.0,51.8625,6,10,1,0,1,1,False,True,True,False,False,False,True,False,False,False,False
0,7,3,2.0,21.075,0,7,4,3,5,0,False,True,True,False,False,False,False,False,False,False,True
1,8,3,27.0,11.1333,3,5,3,1,3,0,False,True,False,False,False,False,False,False,False,False,True
1,9,2,14.0,30.0708,1,9,2,1,2,0,False,False,False,False,False,False,False,False,False,False,True
1,10,3,4.0,16.7,0,7,2,2,3,0,False,True,False,False,False,False,False,False,True,False,False
1,11,1,58.0,26.55,7,8,1,2,1,1,False,True,False,False,True,False,False,False,False,False,False
0,12,3,20.0,8.05,2,3,1,0,1,1,False,True,True,False,False,False,False,False,False,False,True
0,13,3,39.0,31.275,4,9,7,0,7,0,False,True,True,False,False,False,False,False,False,False,True
0,14,3,14.0,7.8542,1,2,1,2,1,1,False,True,False,False,False,False,False,False,False,False,True
1,15,2,55.0,16.0,6,7,1,1,1,1,False,True,False,False,False,False,False,False,False,False,True
0,16,3,2.0,29.125,0,9,5,3,6,0,True,False,True,False,False,False,False,False,False,False,True
1,17,2,28.0,13.0,3,5,1,0,1,1,False,True,True,False,False,False,False,False,False,False,True
0,18,3,31.0,18.0,3,7,1,1,2,0,False,True,False,False,False,False,False,False,False,False,True
1,19,3,28.0,7.225,3,0,1,1,1,1,False,False,False,False,False,False,False,False,False,False,True
0,20,2,35.0,26.0,4,8,2,0,1,1,False,True,True,False,False,False,False,False,False,False,True
1,21,2,34.0,13.0,4,5,1,0,1,1,False,True,True,False,False,True,False,False,False,False,False
1,22,3,15.0,8.0292,1,3,1,2,1,1,True,False,False,False,False,False,False,False,False,False,True
1,23,1,28.0,35.5,3,10,1,0,1,1,False,True,True,False,False,False,False,False,False,False,False
0,24,3,8.0,21.075,0,7,4,2,5,0,False,True,False,False,False,False,False,False,False,False,True
1,25,3,38.0,31.3875,4,9,4,1,7,0,False,True,False,False,False,False,False,False,False,False,True
0,26,3,28.0,7.225,3,0,1,0,1,1,False,False,True,False,False,False,False,False,False,False,True
0,27,1,19.0,263.0,2,12,4,0,6,0,False,True,True,False,True,False,False,False,False,False,False
1,28,3,28.0,7.8792,3,2,1,2,1,1,True,False,False,False,False,False,False,False,False,False,True
0,29,3,28.0,7.8958,3,2,1,0,1,1,False,True,True,False,False,False,False,False,False,False,True
0,30,1,40.0,27.7208,4,9,1,0,1,1,False,False,True,False,False,False,False,False,False,False,True
1,31,1,28.0,146.5208,3,12,2,1,2,0,False,False,False,True,False,False,False,False,False,False,False
1,32,3,28.0,7.75,3,1,1,2,1,1,True,False,False,False,False,False,False,False,False,False,True
0,33,2,66.0,10.5,8,4,1,0,1,1,False,True,True,False,False,False,False,False,False,False,True
0,34,1,28.0,82.1708,3,11,2,0,2,0,False,False,True,False,False,False,False,False,False,False,True
0,35,1,42.0,52.0,5,10,2,0,2,0,False,True,True,False,False,False,False,False,False,False,True
1,36,3,28.0,7.2292,3,0,1,0,1,1,False,False,True,False,False,False,False,False,False,False,True
0,37,3,21.0,8.05,2,3,1,0,1,1,False,True,True,False,False,False,False,False,False,False,True
0,38,3,18.0,18.0,2,7,2,2,3,0,False,True,False,False,False,False,False,False,False,False,True
1,39,3,14.0,11.2417,1,5,2,2,2,0,False,False,False,False,False,False,False,False,False,False,True
0,40,3,40.0,9.475,4,4,1,1,2,0,False,True,False,False,False,False,False,False,False,False,True
0,41,2,27.0,21.0,3,7,2,1,2,0,False,True,False,False,False,False,False,False,False,False,True
0,42,3,28.0,7.8958,3,2,1,0,1,1,False,False,True,False,False,False,False,False,False,False,True
1,43,2,3.0,41.5792,0,10,3,2,4,0,False,False,False,False,False,False,False,False,False,False,True
1,44,3,19.0,7.8792,2,2,1,2,1,1,True,False,False,False,False,False,False,False,False,False,True
0,45,3,28.0,8.05,3,3,1,0,1,1,False,True,True,False,False,False,False,False,False,False,True
0,46,3,28.0,15.5,3,6,1,0,2,0,True,False,True,False,False,False,False,False,False,False,True
1,47,3,28.0,7.75,3,1,1,2,1,1,True,False,False,False,False,False,False,False,False,False,True
0,48,3,28.0,21.6792,3,7,1,0,3,0,False,False,True,False,False,False,False,False,False,False,True
0,49,3,18.0,17.8,2,7,2,1,2,0,False,True,False,False,False,False,False,False,False,False,True
0,50,3,7.0,39.6875,0,10,6,3,6,0,False,True,True,False,False,False,False,False,False,False,True
0,51,3,21.0,7.8,2,2,1,0,1,1,False,True,True,False,False,False,False,False,False,False,True
1,52,1,49.0,76.7292,6,11,3,1,2,0,False,False,False,False,False,True,False,False,False,False,False
1,53,2,29.0,26.0,3,8,1,1,2,0,False,True,False,False,False,False,False,False,False,False,True
0,54,1,65.0,61.9792,8,11,1,0,2,0,False,False,True,True,False,False,False,False,False,False,False
1,55,1,28.0,35.5,3,10,1,0,1,1,False,True,True,False,True,False,False,False,False,False,False
1,56,2,21.0,10.5,2,4,1,2,1,1,False,True,False,False,False,False,False,False,False,False,True
0,57,3,28.5,7.2292,3,0,1,0,1,1,False,False,True,False,False,False,False,False,False,False,True
1,58,2,5.0,27.75,0,9,3,2,4,0,False,True,False,False,False,False,False,False,False,False,True
0,59,3,11.0,46.9,1,10,6,3,8,0,False,True,True,False,False,False,False,False,False,False,True
0,60,3,22.0,7.2292,2,0,1,0,1,1,False,False,True,False,False,False,False,False,False,False,True
1,61,1,38.0,80.0,4,11,2,2,1,1,False,True,False,True,False,False,False,False,False,False,False
0,62,1,45.0,83.475,5,12,2,0,2,0,False,True,True,False,True,False,False,False,False,False,False
0,63,3,4.0,27.9,0,9,6,3,6,0,False,True,True,False,False,False,False,False,False,False,True
0,64,1,28.0,27.7208,3,9,1,0,1,1,False,False,True,False,False,False,False,False,False,False,True
1,65,3,28.0,15.2458,3,6,2,3,3,0,False,False,True,False,False,False,False,False,False,False,True
1,66,2,29.0,10.5,3,4,1,1,1,1,False,True,False,False,False,False,False,True,False,False,False
0,67,3,19.0,8.1583,2,4,1,0,1,1,False,True,True,False,False,False,False,False,False,False,True
1,68,3,17.0,7.925,2,3,1,2,7,0,False,True,False,False,False,False,False,False,False,False,True
0,69,3,26.0,8.6625,3,4,1,0,3,0,False,True,True,False,False,False,False,False,False,False,True
0,70,2,32.0,10.5,3,4,1,0,1,1,False,True,True,False,False,False,False,False,False,False,True
0,71,3,16.0,46.9,1,10,6,2,8,0,False,True,False,False,False,False,False,False,False,False,True
0,72,2,21.0,73.5,2,11,5,0,1,1,False,True,True,False,False,False,False,False,False,False,True
0,73,3,26.0,14.4542,3,6,1,0,2,0,False,False,True,False,False,False,False,False,False,False,True
1,74,3,32.0,56.4958,3,11,7,0,1,1,False,True,True,False,False,False,False,False,False,False,True
0,75,3,25.0,7.65,3,1,1,0,1,1,False,True,True,False,False,False,False,True,False,False,False
0,76,3,28.0,7.8958,3,2,1,0,1,1,False,True,True,False,False,False,False,False,False,False,True
0,77,3,28.0,8.05,3,3,1,0,1,1,False,True,True,False,False,False,False,False,False,False,True
1,78,2,0.83,29.0,0,9,2,3,3,0,False,True,True,False,False,False,False,False,False,False,True
1,79,3,30.0,12.475,3,5,2,2,1,1,False,True,False,False,False,False,False,False,False,False,True
0,80,3,22.0,9.0,2,4,1,0,1,1,False,True,True,False,False,False,False,False,False,False,True
1,81,3,29.0,9.5,3,4,1,0,1,1,False,True,True,False,False,False,False,False,False,False,True
1,82,3,28.0,7.7875,3,2,1,2,1,1,True,False,False,False,False,False,False,False,False,False,True
0,83,1,28.0,47.1,3,10,1,0,1,1,False,True,True,False,False,False,False,False,False,False,True
1,84,2,17.0,10.5,2,4,1,2,1,1,False,True,False,False,False,False,False,False,False,False,True
1,85,3,33.0,15.85,4,6,2,1,4,0,False,True,False,False,False,False,False,False,False,False,True
0,86,3,16.0,34.375,1,10,4,0,5,0,False,True,True,False,False,False,False,False,False,False,True
0,87,3,28.0,8.05,3,3,1,0,1,1,False,True,True,False,False,False,False,False,False,False,True
1,88,1,23.0,263.0,2,12,4,2,6,0,False,True,False,False,True,False,False,False,False,False,False
0,89,3,24.0,8.05,2,3,1,0,1,1,False,True,True,False,False,False,False,False,False,False,True
0,90,3,29.0,8.05,3,3,1,0,1,1,False,True,True,False,False,False,False,False,False,False,True
0,91,3,20.0,7.8542,2,2,1,0,1,1,False,True,True,False,False,False,False,False,False,False,True
0,92,1,46.0,61.175,5,11,1,0,2,0,False,True,True,False,False,False,True,False,False,False,False
0,93,3,26.0,20.575,3,7,2,0,4,0,False,True,True,False,False,False,False,False,False,False,True
0,94,3,59.0,7.25,7,1,1,0,1,1,False,True,True,False,False,False,False,False,False,False,True
0,95,3,28.0,8.05,3,3,1,0,1,1,False,True,True,False,False,False,False,False,False,False,True
0,96,1,71.0,34.6542,8,10,1,0,1,1,False,False,True,False,False,False,False,False,False,False,False
1,97,1,23.0,63.3583,2,11,1,0,2,0,False,False,True,False,False,True,False,False,False,False,False
1,98,2,34.0,23.0,4,7,2,1,2,0,False,True,False,False,False,False,False,False,False,False,True
0,99,2,34.0,26.0,4,8,2,0,2,0,False,True,True,False,False,False,False,False,False,False,True
0,100,3,28.0,7.8958,3,2,1,2,1,1,False,True,False,False,False,False,False,False,False,False,True
0,101,3,28.0,7.8958,3,2,1,0,1,1,False,True,True,False,False,False,False,False,False,False,True
0,102,1,21.0,77.2875,2,11,2,0,2,0,False,True,True,False,False,True,False,False,False,False,False
0,103,3,33.0,8.6542,4,4,1,0,1,1,False,True,True,False,False,False,False,False,False,False,True
0,104,3,37.0,7.925,4,3,1,0,3,0,False,True,True,False,False,False,False,False,False,False,True
0,105,3,28.0,7.8958,3,2,1,0,1,1,False,True,True,False,False,False,False,False,False,False,True
1,106,3,21.0,7.65,2,1,1,2,1,1,False,True,False,False,False,False,False,False,False,False,True
1,107,3,28.0,7.775,3,2,1,0,1,1,False,True,True,False,False,False,False,False,False,False,True
0,108,3,38.0,7.8958,4,2,1,0,1,1,False,True,True,False,False,False,False,False,False,False,True
1,109,3,28.0,24.15,3,8,3,2,2,0,True,False,False,False,False,False,False,False,False,False,True
0,110,1,47.0,52.0,5,10,2,0,1,1,False,True,True,False,True,False,False,False,False,False,False
0,111,3,14.5,14.4542,1,6,2,2,2,0,False,False,False,False,False,False,False,False,False,False,True
0,112,3,22.0,8.05,2,3,1,0,1,1,False,True,True,False,False,False,False,False,False,False,True
0,113,3,20.0,9.825,2,4,1,2,2,0,False,True,False,False,False,False,False,False,False,False,True
0,114,3,17.0,14.4583,2,6,2,2,1,1,False,False,False,False,False,False,False,False,False,False,True
0,115,3,21.0,7.925,2,3,1,0,1,1,False,True,True,False,False,False,False,False,False,False,True
0,116,3,70.5,7.75,8,1,1,0,1,1,True,False,True,False,False,False,False,False,False,False,True
0,117,2,29.0,21.0,3,7,2,0,2,0,False,True,True,False,False,False,False,False,False,False,True
0,118,1,24.0,247.5208,2,12,2,0,2,0,False,False,True,True,False,False,False,False,False,False,False
0,119,3,2.0,31.275,0,9,7,2,7,0,False,True,False,False,False,False,False,False,False,False,True
0,120,2,21.0,73.5,2,11,5,0,3,0,False,True,True,False,False,False,False,False,False,False,True
0,121,3,28.0,8.05,3,3,1,0,1,1,False,True,True,False,False,False,False,False,False,False,True
0,122,2,32.5,30.0708,4,9,2,0,2,0,False,False,True,False,False,False,False,False,False,False,True
1,123,2,32.5,13.0,4,5,1,2,1,1,False,True,False,False,False,False,True,False,False,False,False
0,124,1,54.0,77.2875,6,11,2,0,2,0,False,True,True,False,False,True,False,False,False,False,False
1,125,3,12.0,11.2417,1,5,2,3,2,0,False,False,True,False,False,False,False,False,False,False,True
0,126,3,28.0,7.75,3,1,1,0,1,1,True,False,True,False,False,False,False,False,False,False,True
1,127,3,24.0,7.1417,2,0,1,0,1,1,False,True,True,False,False,False,False,False,False,False,True
1,128,3,28.0,22.3583,3,7,2,2,3,0,False,False,False,False,False,False,False,True,False,False,False
0,129,3,45.0,6.975,5,0,1,0,1,1,False,True,True,False,False,False,False,False,False,False,True
0,130,3,33.0,7.8958,4,2,1,0,1,1,False,False,True,False,False,False,False,False,False,False,True
0,131,3,20.0,7.05,2,0,1,0,1,1,False,True,True,False,False,False,False,False,False,False,True
0,132,3,47.0,14.5,5,6,1,1,2,0,False,True,False,False,False,False,False,False,False,False,True
1,133,2,29.0,26.0,3,8,1,1,2,0,False,True,False,False,False,False,False,False,False,False,True
0,134,2,25.0,13.0,3,5,1,0,1,1,False,True,True,False,False,False,False,False,False,False,True
0,135,2,23.0,15.0458,2,6,1,0,1,1,False,False,True,False,False,False,False,False,False,False,True
1,136,1,19.0,26.2833,2,8,1,2,3,0,False,True,False,False,False,True,False,False,False,False,False
0,137,1,37.0,53.1,4,10,2,0,2,0,False,True,True,False,True,False,False,False,False,False,False
0,138,3,16.0,9.2167,1,4,2,0,1,1,False,True,True,False,False,False,False,False,False,False,True
0,139,1,24.0,79.2,2,11,2,0,1,1,False,False,True,True,False,False,False,False,False,False,False
0,140,3,28.0,15.2458,3,6,2,1,3,0,False,False,False,False,False,False,False,False,False,False,True
1,141,3,22.0,7.75,2,1,1,2,1,1,False,True,False,False,False,False,False,False,False,False,True
1,142,3,24.0,15.85,2,6,2,1,2,0,False,True,False,False,False,False,False,False,False,False,True
0,143,3,19.0,6.75,2,0,1,0,1,1,True,False,True,False,False,False,False,False,False,False,True
0,144,2,18.0,11.5,2,5,1,0,1,1,False,True,True,False,False,False,False,False,False,False,True
0,145,2,19.0,36.75,2,10,2,0,3,0,False,True,True,False,False,False,False,False,False,False,True
1,146,3,27.0,7.7958,3,2,1,0,1,1,False,True,True,False,False,False,False,False,False,False,True
0,147,3,9.0,34.375,1,10,4,2,5,0,False,True,False,False,False,False,False,False,False,False,True
0,148,2,36.5,26.0,4,8,3,0,3,0,False,True,True,False,False,False,False,True,False,False,False
0,149,2,42.0,13.0,5,5,1,4,1,1,False,True,True,False,False,False,False,False,False,False,True
0,150,2,51.0,12.525,6,5,1,4,1,1,False,True,True,False,False,False,False,False,False,False,True
1,151,1,22.0,66.6,2,11,2,1,2,0,False,True,False,False,True,False,False,False,False,False,False
0,152,3,55.5,8.05,6,3,1,0,1,1,False,True,True,False,False,False,False,False,False,False,True
0,153,3,40.5,14.5,5,6,1,0,3,0,False,True,True,False,False,False,False,False,False,False,True
0,154,3,28.0,7.3125,3,1,1,0,1,1,False,True,True,False,False,False,False,False,False,False,True
0,155,1,51.0,61.3792,6,11,1,0,2,0,False,False,True,False,False,False,False,False,False,False,True
1,156,3,16.0,7.7333,1,1,1,2,1,1,True,False,False,False,False,False,False,False,False,False,True
0,157,3,30.0,8.05,3,3,1,0,1,1,False,True,True,False,False,False,False,False,False,False,True
0,158,3,28.0,8.6625,3,4,1,0,1,1,False,True,True,False,False,False,False,False,False,False,True
0,159,3,28.0,69.55,3,11,7,3,11,0,False,True,True,False,False,False,False,False,False,False,True
0,160,3,44.0,16.1,5,7,1,0,2,0,False,True,True,False,False,False,False,False,False,False,True
1,161,2,40.0,15.75,4,6,1,1,1,1,False,True,False,False,False,False,False,False,False,False,True
0,162,3,26.0,7.775,3,2,1,0,1,1,False,True,True,False,False,False,False,False,False,False,True
0,163,3,17.0,8.6625,2,4,1,0,1,1,False,True,True,False,False,False,False,False,False,False,True
0,164,3,1.0,39.6875,0,10,6,3,6,0,False,True,True,False,False,False,False,False,False,False,True
1,165,3,9.0,20.525,1,7,3,3,3,0,False,True,True,False,False,False,False,False,False,False,True
1,166,1,28.0,55.0,3,10,2,1,2,0,False,True,False,False,False,False,True,False,False,False,False
0,167,3,45.0,27.9,5,9,6,1,6,0,False,True,False,False,False,False,False,False,False,False,True
0,168,1,28.0,25.925,3,8,1,0,1,1,False,True,True,False,False,False,False,False,False,False,True
0,169,3,28.0,56.4958,3,11,7,0,1,1,False,True,True,False,False,False,False,False,False,False,True
0,170,1,61.0,33.5,7,10,1,0,1,1,False,True,True,True,False,False,False,False,False,False,False
0,171,3,4.0,29.125,0,9,5,3,6,0,True,False,True,False,False,False,False,False,False,False,True
1,172,3,1.0,11.1333,0,5,3,2,3,0,False,True,False,False,False,False,False,False,False,False,True
0,173,3,21.0,7.925,2,3,1,0,1,1,False,True,True,False,False,False,False,False,False,False,True
0,174,1,56.0,30.6958,6,9,1,0,1,1,False,False,True,False,False,False,False,False,False,False,False
0,175,3,18.0,7.8542,2,2,1,0,3,0,False,True,True,False,False,False,False,False,False,False,True
0,176,3,28.0,25.4667,3,8,4,3,5,0,False,True,True,False,False,False,False,False,False,False,True
0,177,1,50.0,28.7125,6,9,1,2,1,1,False,False,False,False,True,False,False,False,False,False,False
0,178,2,30.0,13.0,3,5,1,0,1,1,False,True,True,False,False,False,False,False,False,False,True
0,179,3,36.0,0.0,4,0,4,0,1,1,False,True,True,False,False,False,False,False,False,False,True
0,180,3,28.0,69.55,3,11,7,2,11,0,False,True,False,False,False,False,False,False,False,False,True
0,181,2,28.0,15.05,3,6,1,0,1,1,False,False,True,False,False,False,False,False,False,False,True
0,182,3,9.0,31.3875,1,9,4,3,7,0,False,True,True,False,False,False,False,False,False,False,True
1,183,2,1.0,39.0,0,10,2,3,4,0,False,True,True,False,False,False,False,True,False,False,False
1,184,3,4.0,22.025,0,7,1,2,3,0,False,True,False,False,False,False,False,False,False,False,True
0,185,1,28.0,50.0,3,10,1,0,1,1,False,True,True,False,False,False,False,False,False,False,False
1,186,3,28.0,15.5,3,6,2,1,2,0,True,False,False,False,False,False,False,False,False,False,True
1,187,1,45.0,26.55,5,8,1,0,1,1,False,True,True,False,False,False,False,False,False,False,True
0,188,3,40.0,15.5,4,6,2,0,3,0,True,False,True,False,False,False,False,False,False,False,True
0,189,3,36.0,7.8958,4,2,1,0,1,1,False,True,True,False,False,False,False,False,False,False,True
1,190,2,32.0,13.0,3,5,1,1,1,1,False,True,False,False,False,False,False,False,False,False,True
0,191,2,19.0,13.0,2,5,1,0,1,1,False,True,True,False,False,False,False,False,False,False,True
1,192,3,19.0,7.8542,2,2,1,2,2,0,False,True,False,False,False,False,False,False,False,False,True
1,193,2,3.0,26.0,0,8,3,3,3,0,False,True,True,False,False,False,False,True,False,False,False
1,194,1,44.0,27.7208,5,9,1,1,1,1,False,False,False,True,False,False,False,False,False,False,False
1,195,1,58.0,146.5208,7,12,2,2,1,1,False,False,False,True,False,False,False,False,False,False,False
0,196,3,28.0,7.75,3,1,1,0,1,1,True,False,True,False,False,False,False,False,False,False,True
0,197,3,42.0,8.4042,5,4,1,0,2,0,False,True,True,False,False,False,False,False,False,False,True
1,198,3,28.0,7.75,3,1,1,2,1,1,True,False,False,False,False,False,False,False,False,False,True
0,199,2,24.0,13.0,2,5,1,2,1,1,False,True,False,False,False,False,False,False,False,False,True
0,200,3,28.0,9.5,3,4,1,0,1,1,False,True,True,False,False,False,False,False,False,False,True
0,201,3,28.0,69.55,3,11,7,0,11,0,False,True,True,False,False,False,False,False,False,False,True
0,202,3,34.0,6.4958,4,0,1,0,1,1,False,True,True,False,False,False,False,False,False,False,True
0,203,3,45.5,7.225,5,0,1,0,1,1,False,False,True,False,False,False,False,False,False,False,True
1,204,3,18.0,8.05,2,3,1,0,1,1,False,True,True,False,False,False,False,False,False,False,True
0,205,3,2.0,10.4625,0,4,2,2,2,0,False,True,False,False,False,False,False,False,True,False,False
0,206,3,32.0,15.85,3,6,2,0,2,0,False,True,True,False,False,False,False,False,False,False,True
1,207,3,26.0,18.7875,3,7,2,0,1,1,False,False,True,False,False,False,False,False,False,False,True
1,208,3,16.0,7.75,1,1,1,2,1,1,True,False,False,False,False,False,False,False,False,False,True
1,209,1,40.0,31.0,4,9,1,0,1,1,False,False,True,False,False,False,False,False,False,False,False
0,210,3,24.0,7.05,2,0,1,0,1,1,False,True,True,False,False,False,False,False,False,False,True
1,211,2,35.0,21.0,4,7,1,2,1,1,False,True,False,False,False,False,False,False,False,False,True
0,212,3,22.0,7.25,2,1,1,0,1,1,False,True,True,False,False,False,False,False,False,False,True
0,213,2,30.0,13.0,3,5,1,0,1,1,False,True,True,False,False,False,False,False,False,False,True
0,214,3,28.0,7.75,3,1,1,0,2,0,True,False,True,False,False,False,False,False,False,False,True
1,215,1,31.0,113.275,3,12,3,2,2,0,False,False,False,False,False,True,False,False,False,False,False
1,216,3,27.0,7.925,3,3,1,2,1,1,False,True,False,False,False,False,False,False,False,False,True
0,217,2,42.0,27.0,5,9,2,0,2,0,False,True,True,False,False,False,False,False,False,False,True
1,218,1,32.0,76.2917,3,11,1,2,1,1,False,False,False,False,False,True,False,False,False,False,False
0,219,2,30.0,10.5,3,4,1,0,1,1,False,True,True,False,False,False,False,False,False,False,True
1,220,3,16.0,8.05,1,3,1,0,1,1,False,True,True,False,False,False,False,False,False,False,True
0,221,2,27.0,13.0,3,5,1,0,1,1,False,True,True,False,False,False,False,False,False,False,True
0,222,3,51.0,8.05,6,3,1,0,1,1,False,True,True,False,False,False,False,False,False,False,True
0,223,3,28.0,7.8958,3,2,1,0,1,1,False,True,True,False,False,False,False,False,False,False,True
1,224,1,38.0,90.0,4,12,2,0,2,0,False,True,True,False,True,False,False,False,False,False,False
0,225,3,22.0,9.35,2,4,1,0,1,1,False,True,True,False,False,False,False,False,False,False,True
1,226,2,19.0,10.5,2,4,1,0,1,1,False,True,True,False,False,False,False,False,False,False,True
0,227,3,20.5,7.25,2,1,1,0,1,1,False,True,True,False,False,False,False,False,False,False,True
0,228,2,18.0,13.0,2,5,1,0,1,1,False,True,True,False,False,False,False,False,False,False,True
0,229,3,28.0,25.4667,3,8,4,2,5,0,False,True,False,False,False,False,False,False,False,False,True
1,230,1,35.0,83.475,4,12,2,1,2,0,False,True,False,False,True,False,False,False,False,False,False
0,231,3,29.0,7.775,3,2,1,0,1,1,False,True,True,False,False,False,False,False,False,False,True
0,232,2,59.0,13.5,7,6,1,0,1,1,False,True,True,False,False,False,False,False,False,False,True
1,233,3,5.0,31.3875,0,9,4,2,7,0,False,True,False,False,False,False,False,False,False,False,True
0,234,2,24.0,10.5,2,4,1,0,1,1,False,True,True,False,False,False,False,False,False,False,True
0,235,3,28.0,7.55,3,1,1,2,1,1,False,True,False,False,False,False,False,False,False,False,True
0,236,2,44.0,26.0,5,8,1,0,2,0,False,True,True,False,False,False,False,False,False,False,True
1,237,2,8.0,26.25,0,8,3,2,3,0,False,True,False,False,False,False,False,False,False,False,True
0,238,2,19.0,10.5,2,4,1,0,1,1,False,True,True,False,False,False,False,False,False,False,True
0,239,2,33.0,12.275,4,5,1,0,1,1,False,True,True,False,False,False,False,False,False,False,True
0,240,3,28.0,14.4542,3,6,2,2,2,0,False,False,False,False,False,False,False,False,False,False,True
1,241,3,28.0,15.5,3,6,2,2,2,0,True,False,False,False,False,False,False,False,False,False,True
0,242,2,29.0,10.5,3,4,1,0,1,1,False,True,True,False,False,False,False,False,False,False,True
0,243,3,22.0,7.125,2,0,1,0,1,1,False,True,True,False,False,False,False,False,False,False,True
0,244,3,30.0,7.225,3,0,1,0,1,1,False,False,True,False,False,False,False,False,False,False,True
0,245,1,44.0,90.0,5,12,2,4,3,0,True,False,True,False,True,False,False,False,False,False,False
0,246,3,25.0,7.775,3,2,1,2,1,1,False,True,False,False,False,False,False,False,False,False,True
1,247,2,24.0,14.5,2,6,2,1,3,0,False,True,False,False,False,False,False,False,False,False,True
1,248,1,37.0,52.5542,4,10,2,0,3,0,False,True,True,False,False,True,False,False,False,False,False
0,249,2,54.0,26.0,6,8,2,4,2,0,False,True,True,False,False,False,False,False,False,False,True
0,250,3,28.0,7.25,3,1,1,0,1,1,False,True,True,False,False,False,False,False,False,False,True
0,251,3,29.0,10.4625,3,4,2,1,3,0,False,True,False,False,False,False,False,False,True,False,False
0,252,1,62.0,26.55,7,8,1,0,1,1,False,True,True,False,True,False,False,False,False,False,False
0,253,3,30.0,16.1,3,7,2,0,2,0,False,True,True,False,False,False,False,False,False,False,True
0,254,3,41.0,20.2125,5,7,2,1,3,0,False,True,False,False,False,False,False,False,False,False,True
1,255,3,29.0,15.2458,3,6,1,1,3,0,False,False,False,False,False,False,False,False,False,False,True
1,256,1,28.0,79.2,3,11,1,1,1,1,False,False,False,False,False,False,False,False,False,False,True
1,257,1,30.0,86.5,3,12,3,2,1,1,False,True,False,True,False,False,False,False,False,False,False
1,258,1,35.0,512.3292,4,12,3,2,1,1,False,False,False,False,False,False,False,False,False,False,True
1,259,2,50.0,26.0,6,8,2,1,2,0,False,True,False,False,False,False,False,False,False,False,True
0,260,3,28.0,7.75,3,1,1,0,1,1,True,False,True,False,False,False,False,False,False,False,True
1,261,3,3.0,31.3875,0,9,4,3,7,0,False,True,True,False,False,False,False,False,False,False,True
0,262,1,52.0,79.65,6,11,3,0,3,0,False,True,True,False,False,False,True,False,False,False,False
0,263,1,40.0,0.0,4,0,1,0,1,1,False,True,True,True,False,False,False,False,False,False,False
0,264,3,28.0,7.75,3,1,1,2,1,1,True,False,False,False,False,False,False,False,False,False,True
0,265,2,36.0,10.5,4,4,1,0,1,1,False,True,True,False,False,False,False,False,False,False,True
0,266,3,16.0,39.6875,1,10,6,0,6,0,False,True,True,False,False,False,False,False,False,False,True
1,267,3,25.0,7.775,3,2,1,0,2,0,False,True,True,False,False,False,False,False,False,False,True
1,268,1,58.0,153.4625,7,12,3,1,2,0,False,True,False,False,True,False,False,False,False,False,False
1,269,1,35.0,135.6333,4,12,3,2,1,1,False,True,False,False,True,False,False,False,False,False,False
0,270,1,28.0,31.0,3,9,2,0,1,1,False,True,True,False,False,False,False,False,False,False,True
1,271,3,25.0,0.0,3,0,4,0,1,1,False,True,True,False,False,False,False,False,False,False,True
1,272,2,41.0,19.5,5,7,2,1,2,0,False,True,False,False,False,False,False,False,False,False,True
0,273,1,37.0,29.7,4,9,1,0,2,0,False,False,True,False,True,False,False,False,False,False,False
1,274,3,28.0,7.75,3,1,1,2,1,1,True,False,False,False,False,False,False,False,False,False,True
1,275,1,63.0,77.9583,7,11,3,2,2,0,False,True,False,False,False,True,False,False,False,False,False
0,276,3,45.0,7.75,5,1,1,2,1,1,False,True,False,False,False,False,False,False,False,False,True
0,277,2,28.0,0.0,3,0,3,0,1,1,False,True,True,False,False,False,False,False,False,False,True
0,278,3,7.0,29.125,0,9,5,3,6,0,True,False,True,False,False,False,False,False,False,False,True
1,279,3,35.0,20.25,4,7,2,1,3,0,False,True,False,False,False,False,False,False,False,False,True
0,280,3,65.0,7.75,8,1,1,0,1,1,True,False,True,False,False,False,False,False,False,False,True
0,281,3,28.0,7.8542,3,2,1,0,1,1,False,True,True,False,False,False,False,False,False,False,True
0,282,3,16.0,9.5,1,4,1,0,1,1,False,True,True,False,False,False,False,False,False,False,True
1,283,3,19.0,8.05,2,3,1,0,1,1,False,True,True,False,False,False,False,False,False,False,True
0,284,1,28.0,26.0,3,8,1,0,1,1,False,True,True,False,False,False,False,False,False,False,False
0,285,3,33.0,8.6625,4,4,1,0,1,1,False,False,True,False,False,False,False,False,False,False,True
1,286,3,30.0,9.5,3,4,1,0,1,1,False,True,True,False,False,False,False,False,False,False,True
0,287,3,22.0,7.8958,2,2,1,0,1,1,False,True,True,False,False,False,False,False,False,False,True
1,288,2,42.0,13.0,5,5,1,0,1,1,False,True,True,False,False,False,False,False,False,False,True
1,289,3,22.0,7.75,2,1,1,2,1,1,True,False,False,False,False,False,False,False,False,False,True
1,290,1,26.0,78.85,3,11,2,2,1,1,False,True,False,False,False,False,False,False,False,False,True
1,291,1,19.0,91.0792,2,12,2,1,2,0,False,False,False,True,False,False,False,False,False,False,False
0,292,2,36.0,12.875,4,5,1,0,1,1,False,False,True,False,False,True,False,False,False,False,False
0,293,3,24.0,8.85,2,4,1,2,1,1,False,True,False,False,False,False,False,False,False,False,True
0,294,3,24.0,7.8958,2,2,1,0,1,1,False,True,True,False,False,False,False,False,False,False,True
0,295,1,28.0,27.7208,3,9,1,0,1,1,False,False,True,False,False,False,False,False,False,False,True
0,296,3,23.5,7.2292,2,0,1,0,1,1,False,False,True,False,False,False,False,False,False,False,True
0,297,1,2.0,151.55,0,12,4,2,4,0,False,True,False,False,True,False,False,False,False,False,False
1,298,1,28.0,30.5,3,9,1,0,1,1,False,True,True,False,True,False,False,False,False,False,False
1,299,1,50.0,247.5208,6,12,2,1,2,0,False,False,False,True,False,False,False,False,False,False,False
1,300,3,28.0,7.75,3,1,1,2,1,1,True,False,False,False,False,False,False,False,False,False,True
1,301,3,28.0,23.25,3,7,2,0,3,0,True,False,True,False,False,False,False,False,False,False,True
0,302,3,19.0,0.0,2,0,4,0,1,1,False,True,True,False,False,False,False,False,False,False,True
1,303,2,28.0,12.35,3,5,1,2,1,1,True,False,False,False,False,False,True,False,False,False,False
0,304,3,28.0,8.05,3,3,1,0,1,1,False,True,True,False,False,False,False,False,False,False,True
1,305,1,0.92,151.55,0,12,4,3,4,0,False,True,True,False,True,False,False,False,False,False,False
1,306,1,28.0,110.8833,3,12,4,2,1,1,False,False,False,False,False,False,False,False,False,False,True
1,307,1,17.0,108.9,2,12,2,1,2,0,False,False,False,False,True,False,False,False,False,False,False
0,308,2,30.0,24.0,3,7,2,0,2,0,False,False,True,False,False,False,False,False,False,False,True
1,309,1,30.0,56.9292,3,11,2,2,1,1,False,False,False,False,False,False,True,False,False,False,False
1,310,1,24.0,83.1583,2,11,2,2,1,1,False,False,False,False,True,False,False,False,False,False,False
1,311,1,18.0,262.375,2,12,2,2,5,0,False,False,False,True,False,False,False,False,False,False,False
0,312,2,26.0,26.0,3,8,1,1,3,0,False,True,False,False,False,False,False,False,False,False,True
0,313,3,28.0,7.8958,3,2,1,0,1,1,False,True,True,False,False,False,False,False,False,False,True
0,314,2,43.0,26.25,5,8,3,0,3,0,False,True,True,False,False,False,False,False,False,False,True
1,315,3,26.0,7.8542,3,2,1,2,1,1,False,True,False,False,False,False,False,False,False,False,True
1,316,2,24.0,26.0,2,8,2,1,2,0,False,True,False,False,False,False,False,False,False,False,True
0,317,2,54.0,14.0,6,6,1,4,1,1,False,True,True,False,False,False,False,False,False,False,True
1,318,1,31.0,164.8667,3,12,2,2,3,0,False,True,False,False,True,False,False,False,False,False,False
1,319,1,40.0,134.5,4,12,2,1,3,0,False,False,False,False,False,False,True,False,False,False,False
0,320,3,22.0,7.25,2,1,1,0,1,1,False,True,True,False,False,False,False,False,False,False,True
0,321,3,27.0,7.8958,3,2,1,0,1,1,False,True,True,False,False,False,False,False,False,False,True
1,322,2,30.0,12.35,3,5,1,2,1,1,True,False,False,False,False,False,False,False,False,False,True
1,323,2,22.0,29.0,2,9,2,1,3,0,False,True,False,False,False,False,False,False,False,False,True
0,324,3,28.0,69.55,3,11,7,0,11,0,False,True,True,False,False,False,False,False,False,False,True
1,325,1,36.0,135.6333,4,12,3,2,1,1,False,False,False,False,True,False,False,False,False,False,False
0,326,3,61.0,6.2375,7,0,1,0,1,1,False,True,True,False,False,False,False,False,False,False,True
1,327,2,36.0,13.0,4,5,1,1,1,1,False,True,False,False,False,True,False,False,False,False,False
1,328,3,31.0,20.525,3,7,3,1,3,0,False,True,False,False,False,False,False,False,False,False,True
1,329,1,16.0,57.9792,1,11,2,2,2,0,False,False,False,True,False,False,False,False,False,False,False
1,330,3,28.0,23.25,3,7,2,2,3,0,True,False,False,False,False,False,False,False,False,False,True
0,331,1,45.5,28.5,5,9,1,0,1,1,False,True,True,False,True,False,False,False,False,False,False
0,332,1,38.0,153.4625,4,12,3,0,2,0,False,True,True,False,True,False,False,False,False,False,False
0,333,3,16.0,18.0,1,7,2,0,3,0,False,True,True,False,False,False,False,False,False,False,True
1,334,1,28.0,133.65,3,12,2,1,2,0,False,True,False,False,False,False,False,False,False,False,True
0,335,3,28.0,7.8958,3,2,1,0,1,1,False,True,True,False,False,False,False,False,False,False,True
0,336,1,29.0,66.6,3,11,2,0,2,0,False,True,True,False,True,False,False,False,False,False,False
1,337,1,41.0,134.5,5,12,2,2,1,1,False,False,False,False,False,False,True,False,False,False,False
1,338,3,45.0,8.05,5,3,1,0,1,1,False,True,True,False,False,False,False,False,False,False,True
0,339,1,45.0,35.5,5,10,1,0,1,1,False,True,True,False,False,False,False,False,False,True,False
1,340,2,2.0,26.0,0,8,3,3,3,0,False,True,True,False,False,False,False,True,False,False,False
1,341,1,24.0,263.0,2,12,4,2,6,0,False,True,False,False,True,False,False,False,False,False,False
0,342,2,28.0,13.0,3,5,1,0,1,1,False,True,True,False,False,False,False,False,False,False,True
0,343,2,25.0,13.0,3,5,1,0,1,1,False,True,True,False,False,False,False,False,False,False,True
0,344,2,36.0,13.0,4,5,1,0,1,1,False,True,True,False,False,False,False,False,False,False,True
1,345,2,24.0,13.0,2,5,1,2,1,1,False,True,False,False,False,False,False,True,False,False,False
1,346,2,40.0,13.0,4,5,1,2,1,1,False,True,False,False,False,False,False,False,False,False,True
1,347,3,28.0,16.1,3,7,1,1,2,0,False,True,False,False,False,False,False,False,False,False,True
1,348,3,3.0,15.9,0,7,2,3,3,0,False,True,True,False,False,False,False,False,False,False,True
0,349,3,42.0,8.6625,5,4,1,0,1,1,False,True,True,False,False,False,False,False,False,False,True
0,350,3,23.0,9.225,2,4,1,0,1,1,False,True,True,False,False,False,False,False,False,False,True
0,351,1,28.0,35.0,3,10,1,0,1,1,False,True,True,False,True,False,False,False,False,False,False
0,352,3,15.0,7.2292,1,0,1,0,3,0,False,False,True,False,False,False,False,False,False,False,True
0,353,3,25.0,17.8,3,7,2,0,2,0,False,True,True,False,False,False,False,False,False,False,True
0,354,3,28.0,7.225,3,0,1,0,1,1,False,False,True,False,False,False,False,False,False,False,True
0,355,3,28.0,9.5,3,4,1,0,1,1,False,True,True,False,False,False,False,False,False,False,True
1,356,1,22.0,55.0,2,10,2,2,2,0,False,True,False,False,False,False,True,False,False,False,False
0,357,2,38.0,13.0,4,5,1,2,1,1,False,True,False,False,False,False,False,False,False,False,True
1,358,3,28.0,7.8792,3,2,1,2,1,1,True,False,False,False,False,False,False,False,False,False,True
1,359,3,28.0,7.8792,3,2,1,2,1,1,True,False,False,False,False,False,False,False,False,False,True
0,360,3,40.0,27.9,4,9,6,0,6,0,False,True,True,False,False,False,False,False,False,False,True
0,361,2,29.0,27.7208,3,9,1,0,2,0,False,False,True,False,False,False,False,False,False,False,True
0,362,3,45.0,14.4542,5,6,2,1,2,0,False,False,False,False,False,False,False,False,False,False,True
0,363,3,35.0,7.05,4,0,1,0,1,1,False,True,True,False,False,False,False,False,False,False,True
0,364,3,28.0,15.5,3,6,2,0,2,0,True,False,True,False,False,False,False,False,False,False,True
0,365,3,30.0,7.25,3,1,1,0,1,1,False,True,True,False,False,False,False,False,False,False,True
1,366,1,60.0,75.25,7,11,1,1,2,0,False,False,False,False,False,True,False,False,False,False,False
1,367,3,28.0,7.2292,3,0,1,1,1,1,False,False,False,False,False,False,False,False,False,False,True
1,368,3,28.0,7.75,3,1,1,2,1,1,True,False,False,False,False,False,False,False,False,False,True
1,369,1,24.0,69.3,2,11,2,2,1,1,False,False,False,True,False,False,False,False,False,False,False
1,370,1,25.0,55.4417,3,10,1,0,2,0,False,False,True,False,False,False,True,False,False,False,False
0,371,3,18.0,6.4958,2,0,1,0,2,0,False,True,True,False,False,False,False,False,False,False,True
0,372,3,19.0,8.05,2,3,1,0,1,1,False,True,True,False,False,False,False,False,False,False,True
0,373,1,22.0,135.6333,2,12,3,0,1,1,False,False,True,False,False,False,False,False,False,False,True
0,374,3,3.0,21.075,0,7,4,2,5,0,False,True,False,False,False,False,False,False,False,False,True
1,375,1,28.0,82.1708,3,11,2,1,2,0,False,False,False,False,False,False,False,False,False,False,True
1,376,3,22.0,7.25,2,1,1,2,1,1,False,True,False,False,False,False,False,False,False,False,True
0,377,1,27.0,211.5,3,12,1,0,3,0,False,False,True,False,True,False,False,False,False,False,False
0,378,3,20.0,4.0125,2,0,1,0,1,1,False,False,True,False,False,False,False,False,False,False,True
0,379,3,19.0,7.775,2,2,1,0,1,1,False,True,True,False,False,False,False,False,False,False,True
1,380,1,42.0,227.525,5,12,4,2,1,1,False,False,False,False,False,False,False,False,False,False,True
1,381,3,1.0,15.7417,0,6,2,2,3,0,False,False,False,False,False,False,False,False,False,False,True
0,382,3,32.0,7.925,3,3,1,0,1,1,False,True,True,False,False,False,False,False,False,False,True
1,383,1,35.0,52.0,4,10,2,1,2,0,False,True,False,False,False,False,False,False,False,False,True
0,384,3,28.0,7.8958,3,2,1,0,1,1,False,True,True,False,False,False,False,False,False,False,True
0,385,2,18.0,73.5,2,11,5,0,1,1,False,True,True,False,False,False,False,False,False,False,True
0,386,3,1.0,46.9,0,10,6,3,8,0,False,True,True,False,False,False,False,False,False,False,True
1,387,2,36.0,13.0,4,5,1,2,1,1,False,True,False,False,False,False,False,False,False,False,True
0,388,3,28.0,7.7292,3,1,1,0,1,1,True,False,True,False,False,False,False,False,False,False,True
1,389,2,17.0,12.0,2,5,1,2,1,1,False,False,False,False,False,False,False,False,False,False,True
1,390,1,36.0,120.0,4,12,4,0,4,0,False,True,True,True,False,False,False,False,False,False,False
1,391,3,21.0,7.7958,2,2,1,0,1,1,False,True,True,False,False,False,False,False,False,False,True
0,392,3,28.0,7.925,3,3,1,0,3,0,False,True,True,False,False,False,False,False,False,False,True
1,393,1,23.0,113.275,2,12,3,2,2,0,False,False,False,False,False,True,False,False,False,False,False
1,394,3,24.0,16.7,2,7,2,1,3,0,False,True,False,False,False,False,False,False,True,False,False
0,395,3,22.0,7.7958,2,2,1,0,1,1,False,True,True,False,False,False,False,False,False,False,True
0,396,3,31.0,7.8542,3,2,1,2,1,1,False,True,False,False,False,False,False,False,False,False,True
0,397,2,46.0,26.0,5,8,2,0,1,1,False,True,True,False,False,False,False,False,False,False,True
0,398,2,23.0,10.5,2,4,1,4,1,1,False,True,True,False,False,False,False,False,False,False,True
1,399,2,28.0,12.65,3,5,1,1,1,1,False,True,False,False,False,False,False,False,False,False,True
1,400,3,39.0,7.925,4,3,1,0,1,1,False,True,True,False,False,False,False,False,False,False,True
0,401,3,26.0,8.05,3,3,1,0,1,1,False,True,True,False,False,False,False,False,False,False,True
0,402,3,21.0,9.825,2,4,1,2,2,0,False,True,False,False,False,False,False,False,False,False,True
0,403,3,28.0,15.85,3,6,2,0,2,0,False,True,True,False,False,False,False,False,False,False,True
0,404,3,20.0,8.6625,2,4,1,2,1,1,False,True,False,False,False,False,False,False,False,False,True
0,405,2,34.0,21.0,4,7,1,0,2,0,False,True,True,False,False,False,False,False,False,False,True
0,406,3,51.0,7.75,6,1,1,0,1,1,False,True,True,False,False,False,False,False,False,False,True
1,407,2,3.0,18.75,0,7,3,3,3,0,False,True,True,False,False,False,False,False,False,False,True
0,408,3,21.0,7.775,2,2,1,0,1,1,False,True,True,False,False,False,False,False,False,False,True
0,409,3,28.0,25.4667,3,8,4,2,5,0,False,True,False,False,False,False,False,False,False,False,True
0,410,3,28.0,7.8958,3,2,1,0,1,1,False,True,True,False,False,False,False,False,False,False,True
0,411,3,28.0,6.8583,3,0,1,0,1,1,True,False,True,False,False,False,False,False,False,False,True
1,412,1,33.0,90.0,4,12,2,2,2,0,True,False,False,False,True,False,False,False,False,False,False
0,413,2,28.0,0.0,3,0,3,0,1,1,False,True,True,False,False,False,False,False,False,False,True
1,414,3,44.0,7.925,5,3,1,0,1,1,False,True,True,False,False,False,False,False,False,False,True
0,415,3,28.0,8.05,3,3,1,1,1,1,False,True,False,False,False,False,False,False,False,False,True
1,416,2,34.0,32.5,4,9,1,1,3,0,False,True,False,False,False,False,False,False,False,False,True
1,417,2,18.0,13.0,2,5,1,2,3,0,False,True,False,False,False,False,False,False,False,False,True
0,418,2,30.0,13.0,3,5,1,0,1,1,False,True,True,False,False,False,False,False,False,False,True
0,419,3,10.0,24.15,1,8,3,2,3,0,False,True,False,False,False,False,False,False,False,False,True
0,420,3,28.0,7.8958,3,2,1,0,1,1,False,False,True,False,False,False,False,False,False,False,True
0,421,3,21.0,7.7333,2,1,1,0,1,1,True,False,True,False,False,False,False,False,False,False,True
0,422,3,29.0,7.875,3,2,1,0,1,1,False,True,True,False,False,False,False,False,False,False,True
0,423,3,28.0,14.4,3,6,2,1,3,0,False,True,False,False,False,False,False,False,False,False,True
0,424,3,18.0,20.2125,2,7,2,0,3,0,False,True,True,False,False,False,False,False,False,False,True
0,425,3,28.0,7.25,3,1,1,0,1,1,False,True,True,False,False,False,False,False,False,False,True
1,426,2,28.0,26.0,3,8,1,1,2,0,False,True,False,False,False,False,False,False,False,False,True
1,427,2,19.0,26.0,2,8,2,2,1,1,False,True,False,False,False,False,False,False,False,False,True
0,428,3,28.0,7.75,3,1,1,0,1,1,True,False,True,False,False,False,False,False,False,False,True
1,429,3,32.0,8.05,3,3,1,0,1,1,False,True,True,False,False,False,True,False,False,False,False
1,430,1,28.0,26.55,3,8,1,0,1,1,False,True,True,False,True,False,False,False,False,False,False
1,431,3,28.0,16.1,3,7,2,1,2,0,False,True,False,False,False,False,False,False,False,False,True
1,432,2,42.0,26.0,5,8,1,1,2,0,False,True,False,False,False,False,False,False,False,False,True
0,433,3,17.0,7.125,2,0,1,0,1,1,False,True,True,False,False,False,False,False,False,False,True
0,434,1,50.0,55.9,6,10,2,0,2,0,False,True,True,False,False,False,True,False,False,False,False
1,435,1,14.0,120.0,1,12,4,2,4,0,False,True,False,True,False,False,False,False,False,False,False
0,436,3,21.0,34.375,2,10,4,2,5,0,False,True,False,False,False,False,False,False,False,False,True
1,437,2,24.0,18.75,2,7,3,1,6,0,False,True,False,False,False,False,False,False,False,False,True
0,438,1,64.0,263.0,7,12,4,0,6,0,False,True,True,False,True,False,False,False,False,False,False
0,439,2,31.0,10.5,3,4,1,0,1,1,False,True,True,False,False,False,False,False,False,False,True
1,440,2,45.0,26.25,5,8,3,1,3,0,False,True,False,False,False,False,False,False,False,False,True
0,441,3,20.0,9.5,2,4,1,0,1,1,False,True,True,False,False,False,False,False,False,False,True
0,442,3,25.0,7.775,3,2,1,0,2,0,False,True,True,False,False,False,False,False,False,False,True
1,443,2,28.0,13.0,3,5,1,2,1,1,False,True,False,False,False,False,False,False,False,False,True
1,444,3,28.0,8.1125,3,4,1,0,1,1,False,True,True,False,False,False,False,False,False,False,True
1,445,1,4.0,81.8583,0,11,1,3,3,0,False,True,True,False,False,False,False,False,False,False,False
1,446,2,13.0,19.5,1,7,2,2,2,0,False,True,False,False,False,False,False,False,False,False,True
1,447,1,34.0,26.55,4,8,1,0,1,1,False,True,True,False,False,False,False,False,False,False,True
1,448,3,5.0,19.2583,0,7,4,2,4,0,False,False,False,False,False,False,False,False,False,False,True
1,449,1,52.0,30.5,6,9,1,4,1,1,False,True,True,False,True,False,False,False,False,False,False
0,450,2,36.0,27.75,4,9,3,0,4,0,False,True,True,False,False,False,False,False,False,False,True
0,451,3,28.0,19.9667,3,7,1,0,2,0,False,True,True,False,False,False,False,False,False,False,True
0,452,1,30.0,27.75,3,9,1,0,1,1,False,False,True,False,True,False,False,False,False,False,False
1,453,1,49.0,89.1042,6,12,2,0,2,0,False,False,True,False,True,False,False,False,False,False,False
0,454,3,28.0,8.05,3,3,1,0,1,1,False,True,True,False,False,False,False,False,False,False,True
1,455,3,29.0,7.8958,3,2,1,0,1,1,False,False,True,False,False,False,False,False,False,False,True
0,456,1,65.0,26.55,8,8,1,0,1,1,False,True,True,False,False,False,True,False,False,False,False
1,457,1,28.0,51.8625,3,10,1,1,2,0,False,True,False,False,False,True,False,False,False,False,False
1,458,2,50.0,10.5,6,4,1,2,1,1,False,True,False,False,False,False,False,False,False,False,True
0,459,3,28.0,7.75,3,1,1,0,1,1,True,False,True,False,False,False,False,False,False,False,True
1,460,1,48.0,26.55,5,8,1,0,1,1,False,True,True,False,False,False,True,False,False,False,False
0,461,3,34.0,8.05,4,3,1,0,1,1,False,True,True,False,False,False,False,False,False,False,True
0,462,1,47.0,38.5,5,10,1,0,1,1,False,True,True,False,False,False,True,False,False,False,False
0,463,2,48.0,13.0,5,5,1,0,1,1,False,True,True,False,False,False,False,False,False,False,True
0,464,3,28.0,8.05,3,3,1,0,1,1,False,True,True,False,False,False,False,False,False,False,True
0,465,3,38.0,7.05,4,0,1,0,1,1,False,True,True,False,False,False,False,False,False,False,True
0,466,2,28.0,0.0,3,0,3,0,1,1,False,True,True,False,False,False,False,False,False,False,True
0,467,1,56.0,26.55,6,8,1,0,1,1,False,True,True,False,False,False,False,False,False,False,True
0,468,3,28.0,7.725,3,1,1,0,1,1,True,False,True,False,False,False,False,False,False,False,True
1,469,3,0.75,19.2583,0,7,4,2,4,0,False,False,False,False,False,False,False,False,False,False,True
0,470,3,28.0,7.25,3,1,1,0,1,1,False,True,True,False,False,False,False,False,False,False,True
0,471,3,38.0,8.6625,4,4,1,0,1,1,False,True,True,False,False,False,False,False,False,False,True
1,472,2,33.0,27.75,4,9,3,1,4,0,False,True,False,False,False,False,False,False,False,False,True
1,473,2,23.0,13.7917,2,6,1,1,1,1,False,False,False,False,False,True,False,False,False,False,False
0,474,3,22.0,9.8375,2,4,1,2,1,1,False,True,False,False,False,False,False,False,False,False,True
0,475,1,28.0,52.0,3,10,2,0,1,1,False,True,True,False,False,False,False,False,False,False,False
0,476,2,34.0,21.0,4,7,2,0,2,0,False,True,True,False,False,False,False,False,False,False,True
0,477,3,29.0,7.0458,3,0,1,0,2,0,False,True,True,False,False,False,False,False,False,False,True
0,478,3,22.0,7.5208,2,1,1,0,1,1,False,True,True,False,False,False,False,False,False,False,True
1,479,3,2.0,12.2875,0,5,1,2,2,0,False,True,False,False,False,False,False,False,False,False,True
0,480,3,9.0,46.9,1,10,6,3,8,0,False,True,True,False,False,False,False,False,False,False,True
0,481,2,28.0,0.0,3,0,1,0,1,1,False,True,True,False,False,False,False,False,False,False,True
0,482,3,50.0,8.05,6,3,1,0,1,1,False,True,True,False,False,False,False,False,False,False,True
1,483,3,63.0,9.5875,7,4,1,1,1,1,False,True,False,False,False,False,False,False,False,False,True
1,484,1,25.0,91.0792,3,12,2,0,2,0,False,False,True,True,False,False,False,False,False,False,False
0,485,3,28.0,25.4667,3,8,4,2,5,0,False,True,False,False,False,False,False,False,False,False,True
1,486,1,35.0,90.0,4,12,2,1,2,0,False,True,False,False,True,False,False,False,False,False,False
0,487,1,58.0,29.7,7,9,1,0,1,1,False,False,True,True,False,False,False,False,False,False,False
0,488,3,30.0,8.05,3,3,1,0,1,1,False,True,True,False,False,False,False,False,False,False,True
1,489,3,9.0,15.9,1,7,2,3,3,0,False,True,True,False,False,False,False,False,False,False,True
0,490,3,28.0,19.9667,3,7,1,0,2,0,False,True,True,False,False,False,False,False,False,False,True
0,491,3,21.0,7.25,2,1,1,0,1,1,False,True,True,False,False,False,False,False,False,False,True
0,492,1,55.0,30.5,6,9,1,0,1,1,False,True,True,False,True,False,False,False,False,False,False
0,493,1,71.0,49.5042,8,10,1,0,1,1,False,False,True,False,False,False,False,False,False,False,True
0,494,3,21.0,8.05,2,3,1,0,1,1,False,True,True,False,False,False,False,False,False,False,True
0,495,3,28.0,14.4583,3,6,2,0,1,1,False,False,True,False,False,False,False,False,False,False,True
1,496,1,54.0,78.2667,6,11,2,2,2,0,False,False,False,False,False,True,False,False,False,False,False
0,497,3,28.0,15.1,3,6,1,0,1,1,False,True,True,False,False,False,False,False,False,False,True
0,498,1,25.0,151.55,3,12,4,1,4,0,False,True,False,False,True,False,False,False,False,False,False
0,499,3,24.0,7.7958,2,2,1,0,1,1,False,True,True,False,False,False,False,False,False,False,True
0,500,3,17.0,8.6625,2,4,1,0,1,1,False,True,True,False,False,False,False,False,False,False,True
0,501,3,21.0,7.75,2,1,1,2,1,1,True,False,False,False,False,False,False,False,False,False,True
0,502,3,28.0,7.6292,3,1,1,2,1,1,True,False,False,False,False,False,False,False,False,False,True
0,503,3,37.0,9.5875,4,4,1,2,1,1,False,True,False,False,False,False,False,False,False,False,True
1,504,1,16.0,86.5,1,12,3,2,1,1,False,True,False,True,False,False,False,False,False,False,False
0,505,1,18.0,108.9,2,12,2,0,2,0,False,False,True,False,True,False,False,False,False,False,False
1,506,2,33.0,26.0,4,8,2,1,3,0,False,True,False,False,False,False,False,False,False,False,True
1,507,1,28.0,26.55,3,8,1,0,1,1,False,True,True,False,False,False,False,False,False,False,True
0,508,3,28.0,22.525,3,7,1,0,1,1,False,True,True,False,False,False,False,False,False,False,True
1,509,3,26.0,56.4958,3,11,7,0,1,1,False,True,True,False,False,False,False,False,False,False,True
1,510,3,29.0,7.75,3,1,1,0,1,1,True,False,True,False,False,False,False,False,False,False,True
0,511,3,28.0,8.05,3,3,1,0,1,1,False,True,True,False,False,False,False,False,False,False,True
1,512,1,36.0,26.2875,4,8,1,0,1,1,False,True,True,False,False,False,True,False,False,False,False
1,513,1,54.0,59.4,6,11,1,1,2,0,False,False,False,False,False,False,False,False,False,False,True
0,514,3,24.0,7.4958,2,1,1,0,1,1,False,True,True,False,False,False,False,False,False,False,True
0,515,1,47.0,34.0208,5,10,1,0,1,1,False,True,True,False,False,True,False,False,False,False,False
1,516,2,34.0,10.5,4,4,1,1,1,1,False,True,False,False,False,False,False,True,False,False,False
0,517,3,28.0,24.15,3,8,3,0,1,1,True,False,True,False,False,False,False,False,False,False,True
1,518,2,36.0,26.0,4,8,1,1,2,0,False,True,False,False,False,False,False,False,False,False,True
0,519,3,32.0,7.8958,3,2,1,0,1,1,False,True,True,False,False,False,False,False,False,False,True
1,520,1,30.0,93.5,3,12,2,2,1,1,False,True,False,True,False,False,False,False,False,False,False
0,521,3,22.0,7.8958,2,2,1,0,1,1,False,True,True,False,False,False,False,False,False,False,True
0,522,3,28.0,7.225,3,0,1,0,1,1,False,False,True,False,False,False,False,False,False,False,True
1,523,1,44.0,57.9792,5,11,2,1,2,0,False,False,False,True,False,False,False,False,False,False,False
0,524,3,28.0,7.2292,3,0,1,0,1,1,False,False,True,False,False,False,False,False,False,False,True
0,525,3,40.5,7.75,5,1,1,0,1,1,True,False,True,False,False,False,False,False,False,False,True
1,526,2,50.0,10.5,6,4,1,2,1,1,False,True,False,False,False,False,False,False,False,False,True
0,527,1,28.0,221.7792,3,12,1,0,1,1,False,True,True,False,True,False,False,False,False,False,False
0,528,3,39.0,7.925,4,3,1,0,1,1,False,True,True,False,False,False,False,False,False,False,True
0,529,2,23.0,11.5,2,5,1,0,4,0,False,True,True,False,False,False,False,False,False,False,True
1,530,2,2.0,26.0,0,8,2,2,3,0,False,True,False,False,False,False,False,False,False,False,True
0,531,3,28.0,7.2292,3,0,1,0,1,1,False,False,True,False,False,False,False,False,False,False,True
0,532,3,17.0,7.2292,2,0,1,0,3,0,False,False,True,False,False,False,False,False,False,False,True
1,533,3,28.0,22.3583,3,7,2,1,3,0,False,False,False,False,False,False,False,False,False,False,True
0,534,3,30.0,8.6625,3,4,1,2,1,1,False,True,False,False,False,False,False,False,False,False,True
1,535,2,7.0,26.25,0,8,3,2,3,0,False,True,False,False,False,False,False,False,False,False,True
0,536,1,45.0,26.55,5,8,1,4,1,1,False,True,True,True,False,False,False,False,False,False,False
1,537,1,30.0,106.425,3,12,2,2,1,1,False,False,False,False,False,False,False,False,False,False,True
0,538,3,28.0,14.5,3,6,1,0,1,1,False,True,True,False,False,False,False,False,False,False,True
1,539,1,22.0,49.5,2,10,1,2,3,0,False,False,False,True,False,False,False,False,False,False,False
1,540,1,36.0,71.0,4,11,2,2,3,0,False,True,False,True,False,False,False,False,False,False,False
0,541,3,9.0,31.275,1,9,7,2,7,0,False,True,False,False,False,False,False,False,False,False,True
0,542,3,11.0,31.275,1,9,7,2,7,0,False,True,False,False,False,False,False,False,False,False,True
1,543,2,32.0,26.0,3,8,2,0,2,0,False,True,True,False,False,False,False,False,False,False,True
0,544,1,50.0,106.425,6,12,2,0,2,0,False,False,True,False,True,False,False,False,False,False,False
0,545,1,64.0,26.0,7,8,1,0,1,1,False,True,True,False,False,False,False,False,False,False,True
1,546,2,19.0,26.0,2,8,2,1,2,0,False,True,False,False,False,False,False,False,False,False,True
1,547,2,28.0,13.8625,3,6,1,0,1,1,False,False,True,False,False,False,False,False,False,False,True
0,548,3,33.0,20.525,4,7,3,0,3,0,False,True,True,False,False,False,False,False,False,False,True
1,549,2,8.0,36.75,0,10,2,3,3,0,False,True,True,False,False,False,False,False,False,False,True
1,550,1,17.0,110.8833,2,12,4,0,3,0,False,False,True,False,True,False,False,False,False,False,False
0,551,2,27.0,26.0,3,8,1,0,1,1,False,True,True,False,False,False,False,False,False,False,True
0,552,3,28.0,7.8292,3,2,1,0,1,1,True,False,True,False,False,False,False,False,False,False,True
1,553,3,22.0,7.225,2,0,1,0,1,1,False,False,True,False,False,False,False,False,False,False,True
1,554,3,22.0,7.775,2,2,1,2,1,1,False,True,False,False,False,False,False,False,False,False,True
0,555,1,62.0,26.55,7,8,1,0,1,1,False,True,True,False,False,False,False,False,False,False,True
1,556,1,48.0,39.6,5,10,1,4,2,0,False,False,False,False,False,False,False,False,False,False,False
0,557,1,28.0,227.525,3,12,4,0,1,1,False,False,True,False,False,False,False,False,False,False,True
1,558,1,39.0,79.65,4,11,3,1,3,0,False,True,False,False,False,False,True,False,False,False,False
1,559,3,36.0,17.4,4,7,1,1,2,0,False,True,False,False,False,False,False,False,False,False,True
0,560,3,28.0,7.75,3,1,1,0,1,1,True,False,True,False,False,False,False,False,False,False,True
0,561,3,40.0,7.8958,4,2,1,0,1,1,False,True,True,False,False,False,False,False,False,False,True
0,562,2,28.0,13.5,3,6,1,0,1,1,False,True,True,False,False,False,False,False,False,False,True
0,563,3,28.0,8.05,3,3,1,0,1,1,False,True,True,False,False,False,False,False,False,False,True
0,564,3,28.0,8.05,3,3,1,2,1,1,False,True,False,False,False,False,False,False,False,False,True
0,565,3,24.0,24.15,2,8,2,0,3,0,False,True,True,False,False,False,False,False,False,False,True
0,566,3,19.0,7.8958,2,2,1,0,1,1,False,True,True,False,False,False,False,False,False,False,True
0,567,3,29.0,21.075,3,7,4,1,5,0,False,True,False,False,False,False,False,False,False,False,True
0,568,3,28.0,7.2292,3,0,1,0,1,1,False,False,True,False,False,False,False,False,False,False,True
1,569,3,32.0,7.8542,3,2,1,0,1,1,False,True,True,False,False,False,False,False,False,False,True
1,570,2,62.0,10.5,7,4,1,0,1,1,False,True,True,False,False,False,False,False,False,False,True
1,571,1,53.0,51.4792,6,10,1,1,3,0,False,True,False,False,True,False,False,False,False,False,False
1,572,1,36.0,26.3875,4,8,1,0,1,1,False,True,True,False,False,False,True,False,False,False,False
1,573,3,28.0,7.75,3,1,1,2,1,1,True,False,False,False,False,False,False,False,False,False,True
0,574,3,16.0,8.05,1,3,1,0,1,1,False,True,True,False,False,False,False,False,False,False,True
0,575,3,19.0,14.5,2,6,2,0,1,1,False,True,True,False,False,False,False,False,False,False,True
1,576,2,34.0,13.0,4,5,1,2,1,1,False,True,False,False,False,False,False,False,False,False,True
1,577,1,39.0,55.9,4,10,2,1,2,0,False,True,False,False,False,False,True,False,False,False,False
0,578,3,28.0,14.4583,3,6,1,1,2,0,False,False,False,False,False,False,False,False,False,False,True
1,579,3,32.0,7.925,3,3,1,0,1,1,False,True,True,False,False,False,False,False,False,False,True
1,580,2,25.0,30.0,3,9,1,2,3,0,False,True,False,False,False,False,False,False,False,False,True
1,581,1,39.0,110.8833,4,12,4,1,3,0,False,False,False,False,True,False,False,False,False,False,False
0,582,2,54.0,26.0,6,8,2,0,1,1,False,True,True,False,False,False,False,False,False,False,True
0,583,1,36.0,40.125,4,10,1,0,1,1,False,False,True,False,False,False,False,False,False,False,False
0,584,3,28.0,8.7125,3,4,1,0,1,1,False,False,True,False,False,False,False,False,False,False,True
1,585,1,18.0,79.65,2,11,3,2,3,0,False,True,False,False,False,False,True,False,False,False,False
0,586,2,47.0,15.0,5,6,1,0,1,1,False,True,True,False,False,False,False,False,False,False,True
1,587,1,60.0,79.2,7,11,1,0,3,0,False,False,True,True,False,False,False,False,False,False,False
0,588,3,22.0,8.05,2,3,1,0,1,1,False,True,True,False,False,False,False,False,False,False,True
0,589,3,28.0,8.05,3,3,1,0,1,1,False,True,True,False,False,False,False,False,False,False,True
0,590,3,35.0,7.125,4,0,1,0,1,1,False,True,True,False,False,False,False,False,False,False,True
1,591,1,52.0,78.2667,6,11,2,1,2,0,False,False,False,False,False,True,False,False,False,False,False
0,592,3,47.0,7.25,5,1,1,0,1,1,False,True,True,False,False,False,False,False,False,False,True
0,593,3,28.0,7.75,3,1,1,2,3,0,True,False,False,False,False,False,False,False,False,False,True
0,594,2,37.0,26.0,4,8,1,0,2,0,False,True,True,False,False,False,False,False,False,False,True
0,595,3,36.0,24.15,4,8,3,0,3,0,False,True,True,False,False,False,False,False,False,False,True
1,596,2,28.0,33.0,3,9,3,2,1,1,False,True,False,False,False,False,False,False,False,False,True
0,597,3,49.0,0.0,6,0,4,0,1,1,False,True,True,False,False,False,False,False,False,False,True
0,598,3,28.0,7.225,3,0,1,0,1,1,False,False,True,False,False,False,False,False,False,False,True
1,599,1,49.0,56.9292,6,11,2,0,2,0,False,False,True,False,False,False,False,False,False,False,False
1,600,2,24.0,27.0,2,9,2,1,4,0,False,True,False,False,False,False,False,False,False,False,True
0,601,3,28.0,7.8958,3,2,1,0,1,1,False,True,True,False,False,False,False,False,False,False,True
0,602,1,28.0,42.4,3,10,1,0,1,1,False,True,True,False,False,False,False,False,False,False,True
0,603,3,44.0,8.05,5,3,1,0,1,1,False,True,True,False,False,False,False,False,False,False,True
1,604,1,35.0,26.55,4,8,1,0,1,1,False,False,True,False,False,False,False,False,False,False,True
0,605,3,36.0,15.55,4,6,1,0,2,0,False,True,True,False,False,False,False,False,False,False,True
0,606,3,30.0,7.8958,3,2,1,0,1,1,False,True,True,False,False,False,False,False,False,False,True
1,607,1,27.0,30.5,3,9,1,0,1,1,False,True,True,False,False,False,False,False,False,False,True
1,608,2,22.0,41.5792,2,10,3,1,4,0,False,False,False,False,False,False,False,False,False,False,True
1,609,1,40.0,153.4625,4,12,3,2,1,1,False,True,False,False,True,False,False,False,False,False,False
0,610,3,39.0,31.275,4,9,7,1,7,0,False,True,False,False,False,False,False,False,False,False,True
0,611,3,28.0,7.05,3,0,1,0,1,1,False,True,True,False,False,False,False,False,False,False,True
1,612,3,28.0,15.5,3,6,2,2,2,0,True,False,False,False,False,False,False,False,False,False,True
0,613,3,28.0,7.75,3,1,1,0,1,1,True,False,True,False,False,False,False,False,False,False,True
0,614,3,35.0,8.05,4,3,1,0,1,1,False,True,True,False,False,False,False,False,False,False,True
1,615,2,24.0,65.0,2,11,2,2,4,0,False,True,False,False,False,False,False,False,False,False,True
0,616,3,34.0,14.4,4,6,2,0,3,0,False,True,True,False,False,False,False,False,False,False,True
0,617,3,26.0,16.1,3,7,2,1,2,0,False,True,False,False,False,False,False,False,False,False,True
1,618,2,4.0,39.0,0,10,2,2,4,0,False,True,False,False,False,False,False,True,False,False,False
0,619,2,26.0,10.5,3,4,1,0,1,1,False,True,True,False,False,False,False,False,False,False,True
0,620,3,27.0,14.4542,3,6,2,0,2,0,False,False,True,False,False,False,False,False,False,False,True
1,621,1,42.0,52.5542,5,10,1,0,2,0,False,True,True,False,False,True,False,False,False,False,False
1,622,3,20.0,15.7417,2,6,2,0,3,0,False,False,True,False,False,False,False,False,False,False,True
0,623,3,21.0,7.8542,2,2,1,0,1,1,False,True,True,False,False,False,False,False,False,False,True
0,624,3,21.0,16.1,2,7,2,0,1,1,False,True,True,False,False,False,False,False,False,False,True
0,625,1,61.0,32.3208,7,9,1,0,1,1,False,True,True,False,False,True,False,False,False,False,False
0,626,2,57.0,12.35,7,5,1,4,1,1,True,False,True,False,False,False,False,False,False,False,True
1,627,1,21.0,77.9583,2,11,3,2,1,1,False,True,False,False,False,True,False,False,False,False,False
0,628,3,26.0,7.8958,3,2,1,0,1,1,False,True,True,False,False,False,False,False,False,False,True
0,629,3,28.0,7.7333,3,1,1,0,1,1,True,False,True,False,False,False,False,False,False,False,True
1,630,1,80.0,30.0,9,9,1,0,1,1,False,True,True,False,False,False,False,False,False,False,False
0,631,3,51.0,7.0542,6,0,1,0,1,1,False,True,True,False,False,False,False,False,False,False,True
1,632,1,32.0,30.5,3,9,1,4,1,1,False,False,True,True,False,False,False,False,False,False,False
0,633,1,28.0,0.0,3,0,1,0,1,1,False,True,True,False,False,False,False,False,False,False,True
0,634,3,9.0,27.9,1,9,6,2,6,0,False,True,False,False,False,False,False,False,False,False,True
1,635,2,28.0,13.0,3,5,1,2,1,1,False,True,False,False,False,False,False,False,False,False,True
0,636,3,32.0,7.925,3,3,1,0,1,1,False,True,True,False,False,False,False,False,False,False,True
0,637,2,31.0,26.25,3,8,3,0,3,0,False,True,True,False,False,False,False,False,False,False,True
0,638,3,41.0,39.6875,5,10,6,1,6,0,False,True,False,False,False,False,False,False,False,False,True
0,639,3,28.0,16.1,3,7,2,0,2,0,False,True,True,False,False,False,False,False,False,False,True
0,640,3,20.0,7.8542,2,2,1,0,1,1,False,True,True,False,False,False,False,False,False,False,True
1,641,1,24.0,69.3,2,11,2,2,1,1,False,False,False,True,False,False,False,False,False,False,False
0,642,3,2.0,27.9,0,9,6,2,6,0,False,True,False,False,False,False,False,False,False,False,True
1,643,3,28.0,56.4958,3,11,7,0,1,1,False,True,True,False,False,False,False,False,False,False,True
1,644,3,0.75,19.2583,0,7,4,2,4,0,False,False,False,False,False,False,False,False,False,False,True
1,645,1,48.0,76.7292,5,11,3,0,2,0,False,False,True,False,False,True,False,False,False,False,False
0,646,3,19.0,7.8958,2,2,1,0,1,1,False,True,True,False,False,False,False,False,False,False,True
1,647,1,56.0,35.5,6,10,1,4,1,1,False,False,True,False,False,False,False,False,False,False,False
0,648,3,28.0,7.55,3,1,1,0,1,1,False,True,True,False,False,False,False,False,False,False,True
1,649,3,23.0,7.55,2,1,1,2,1,1,False,True,False,False,False,False,False,False,False,False,True
0,650,3,28.0,7.8958,3,2,1,0,1,1,False,True,True,False,False,False,False,False,False,False,True
1,651,2,18.0,23.0,2,7,2,2,2,0,False,True,False,False,False,False,False,False,False,False,True
0,652,3,21.0,8.4333,2,4,1,0,1,1,False,True,True,False,False,False,False,False,False,False,True
1,653,3,28.0,7.8292,3,2,1,2,1,1,True,False,False,False,False,False,False,False,False,False,True
0,654,3,18.0,6.75,2,0,1,2,1,1,True,False,False,False,False,False,False,False,False,False,True
0,655,2,24.0,73.5,2,11,5,0,3,0,False,True,True,False,False,False,False,False,False,False,True
0,656,3,28.0,7.8958,3,2,1,0,1,1,False,True,True,False,False,False,False,False,False,False,True
0,657,3,32.0,15.5,3,6,2,1,3,0,True,False,False,False,False,False,False,False,False,False,True
0,658,2,23.0,13.0,2,5,1,0,1,1,False,True,True,False,False,False,False,False,False,False,True
0,659,1,58.0,113.275,7,12,3,0,3,0,False,False,True,False,False,True,False,False,False,False,False
1,660,1,50.0,133.65,6,12,2,4,3,0,False,True,True,False,False,False,False,False,False,False,True
0,661,3,40.0,7.225,4,0,1,0,1,1,False,False,True,False,False,False,False,False,False,False,True
0,662,1,47.0,25.5875,5,8,1,0,1,1,False,True,True,False,False,False,True,False,False,False,False
0,663,3,36.0,7.4958,4,1,1,0,1,1,False,True,True,False,False,False,False,False,False,False,True
1,664,3,20.0,7.925,2,3,1,0,2,0,False,True,True,False,False,False,False,False,False,False,True
0,665,2,32.0,73.5,3,11,5,0,3,0,False,True,True,False,False,False,False,False,False,False,True
0,666,2,25.0,13.0,3,5,1,0,1,1,False,True,True,False,False,False,False,False,False,False,True
0,667,3,28.0,7.775,3,2,1,0,1,1,False,True,True,False,False,False,False,False,False,False,True
0,668,3,43.0,8.05,5,3,1,0,1,1,False,True,True,False,False,False,False,False,False,False,True
1,669,1,28.0,52.0,3,10,2,1,2,0,False,True,False,False,True,False,False,False,False,False,False
1,670,2,40.0,39.0,4,10,2,1,3,0,False,True,False,False,False,False,False,False,False,False,True
0,671,1,31.0,52.0,3,10,1,0,2,0,False,True,True,True,False,False,False,False,False,False,False
0,672,2,70.0,10.5,8,4,1,0,1,1,False,True,True,False,False,False,False,False,False,False,True
1,673,2,31.0,13.0,3,5,1,0,1,1,False,True,True,False,False,False,False,False,False,False,True
0,674,2,28.0,0.0,3,0,1,0,1,1,False,True,True,False,False,False,False,False,False,False,True
0,675,3,18.0,7.775,2,2,1,0,1,1,False,True,True,False,False,False,False,False,False,False,True
0,676,3,24.5,8.05,3,3,1,0,1,1,False,True,True,False,False,False,False,False,False,False,True
1,677,3,18.0,9.8417,2,4,1,2,1,1,False,True,False,False,False,False,False,False,False,False,True
0,678,3,43.0,46.9,5,10,6,1,8,0,False,True,False,False,False,False,False,False,False,False,True
1,679,1,36.0,512.3292,4,12,3,0,2,0,False,False,True,True,False,False,False,False,False,False,False
0,680,3,28.0,8.1375,3,4,1,2,1,1,True,False,False,False,False,False,False,False,False,False,True
1,681,1,27.0,76.7292,3,11,3,0,1,1,False,False,True,False,False,True,False,False,False,False,False
0,682,3,20.0,9.225,2,4,1,0,1,1,False,True,True,False,False,False,False,False,False,False,True
0,683,3,14.0,46.9,1,10,6,0,8,0,False,True,True,False,False,False,False,False,False,False,True
0,684,2,60.0,39.0,7,10,2,0,3,0,False,True,True,False,False,False,False,False,False,False,True
0,685,2,25.0,41.5792,3,10,3,0,4,0,False,False,True,False,False,False,False,False,False,False,True
0,686,3,14.0,39.6875,1,10,6,0,6,0,False,True,True,False,False,False,False,False,False,False,True
0,687,3,19.0,10.1708,2,4,1,0,1,1,False,True,True,False,False,False,False,False,False,False,True
0,688,3,18.0,7.7958,2,2,1,0,1,1,False,True,True,False,False,False,False,False,False,False,True
1,689,1,15.0,211.3375,1,12,3,2,2,0,False,True,False,True,False,False,False,False,False,False,False
1,690,1,31.0,57.0,3,11,2,0,2,0,False,True,True,True,False,False,False,False,False,False,False
1,691,3,4.0,13.4167,0,6,1,2,2,0,False,False,False,False,False,False,False,False,False,False,True
1,692,3,28.0,56.4958,3,11,7,0,1,1,False,True,True,False,False,False,False,False,False,False,True
0,693,3,25.0,7.225,3,0,1,0,1,1,False,False,True,False,False,False,False,False,False,False,True
0,694,1,60.0,26.55,7,8,1,4,1,1,False,True,True,False,False,False,False,False,False,False,True
0,695,2,52.0,13.5,6,6,1,0,1,1,False,True,True,False,False,False,False,False,False,False,True
0,696,3,44.0,8.05,5,3,1,0,1,1,False,True,True,False,False,False,False,False,False,False,True
1,697,3,28.0,7.7333,3,1,1,2,1,1,True,False,False,False,False,False,False,False,False,False,True
0,698,1,49.0,110.8833,6,12,4,0,3,0,False,False,True,False,True,False,False,False,False,False,False
0,699,3,42.0,7.65,5,1,1,0,1,1,False,True,True,False,False,False,False,True,False,False,False
1,700,1,18.0,227.525,2,12,4,1,2,0,False,False,False,False,True,False,False,False,False,False,False
1,701,1,35.0,26.2875,4,8,1,0,1,1,False,True,True,False,False,False,True,False,False,False,False
0,702,3,18.0,14.4542,2,6,2,2,2,0,False,False,False,False,False,False,False,False,False,False,True
0,703,3,25.0,7.7417,3,1,1,0,1,1,True,False,True,False,False,False,False,False,False,False,True
0,704,3,26.0,7.8542,3,2,1,0,2,0,False,True,True,False,False,False,False,False,False,False,True
0,705,2,39.0,26.0,4,8,2,0,1,1,False,True,True,False,False,False,False,False,False,False,True
1,706,2,45.0,13.5,5,6,1,1,1,1,False,True,False,False,False,False,False,False,False,False,True
1,707,1,42.0,26.2875,5,8,1,0,1,1,False,True,True,False,False,False,True,False,False,False,False
1,708,1,22.0,151.55,2,12,4,2,1,1,False,True,False,False,False,False,False,False,False,False,True
1,709,3,28.0,15.2458,3,6,2,3,3,0,False,False,True,False,False,False,False,False,False,False,True
1,710,1,24.0,49.5042,2,10,1,2,1,1,False,False,False,False,True,False,False,False,False,False,False
0,711,1,28.0,26.55,3,8,1,0,1,1,False,True,True,False,True,False,False,False,False,False,False
1,712,1,48.0,52.0,5,10,2,0,2,0,False,True,True,False,True,False,False,False,False,False,False
0,713,3,29.0,9.4833,3,4,1,0,1,1,False,True,True,False,False,False,False,False,False,False,True
0,714,2,52.0,13.0,6,5,2,0,1,1,False,True,True,False,False,False,False,False,False,False,True
0,715,3,19.0,7.65,2,1,1,0,1,1,False,True,True,False,False,False,False,True,False,False,False
1,716,1,38.0,227.525,4,12,4,2,1,1,False,False,False,False,True,False,False,False,False,False,False
1,717,2,27.0,10.5,3,4,1,2,1,1,False,True,False,False,False,False,True,False,False,False,False
0,718,3,28.0,15.5,3,6,1,0,1,1,True,False,True,False,False,False,False,False,False,False,True
0,719,3,33.0,7.775,4,2,1,0,1,1,False,True,True,False,False,False,False,False,False,False,True
1,720,2,6.0,33.0,0,9,3,2,2,0,False,True,False,False,False,False,False,False,False,False,True
0,721,3,17.0,7.0542,2,0,1,0,2,0,False,True,True,False,False,False,False,False,False,False,True
0,722,2,34.0,13.0,4,5,1,0,1,1,False,True,True,False,False,False,False,False,False,False,True
0,723,2,50.0,13.0,6,5,1,0,1,1,False,True,True,False,False,False,False,False,False,False,True
1,724,1,27.0,53.1,3,10,2,0,2,0,False,True,True,False,False,False,True,False,False,False,False
0,725,3,20.0,8.6625,2,4,1,0,1,1,False,True,True,False,False,False,False,False,False,False,True
1,726,2,30.0,21.0,3,7,2,1,4,0,False,True,False,False,False,False,False,False,False,False,True
1,727,3,28.0,7.7375,3,1,1,2,1,1,True,False,False,False,False,False,False,False,False,False,True
0,728,2,25.0,26.0,3,8,1,0,2,0,False,True,True,False,False,False,False,False,False,False,True
0,729,3,25.0,7.925,3,3,1,2,2,0,False,True,False,False,False,False,False,False,False,False,True
1,730,1,29.0,211.3375,3,12,3,2,1,1,False,True,False,True,False,False,False,False,False,False,False
0,731,3,11.0,18.7875,1,7,2,0,1,1,False,False,True,False,False,False,False,False,False,False,True
0,732,2,28.0,0.0,3,0,1,0,1,1,False,True,True,False,False,False,False,False,False,False,True
0,733,2,23.0,13.0,2,5,1,0,1,1,False,True,True,False,False,False,False,False,False,False,True
0,734,2,23.0,13.0,2,5,1,0,1,1,False,True,True,False,False,False,False,False,False,False,True
0,735,3,28.5,16.1,3,7,2,0,1,1,False,True,True,False,False,False,False,False,False,False,True
0,736,3,48.0,34.375,5,10,4,1,5,0,False,True,False,False,False,False,False,False,False,False,True
1,737,1,35.0,512.3292,4,12,3,0,1,1,False,False,True,True,False,False,False,False,False,False,False
0,738,3,28.0,7.8958,3,2,1,0,1,1,False,True,True,False,False,False,False,False,False,False,True
0,739,3,28.0,7.8958,3,2,1,0,1,1,False,True,True,False,False,False,False,False,False,False,True
1,740,1,28.0,30.0,3,9,1,0,1,1,False,True,True,False,False,True,False,False,False,False,False
0,741,1,36.0,78.85,4,11,2,0,2,0,False,True,True,False,True,False,False,False,False,False,False
1,742,1,21.0,262.375,2,12,2,2,5,0,False,False,False,True,False,False,False,False,False,False,False
0,743,3,24.0,16.1,2,7,1,0,2,0,False,True,True,False,False,False,False,False,False,False,True
1,744,3,31.0,7.925,3,3,1,0,1,1,False,True,True,False,False,False,False,False,False,False,True
0,745,1,70.0,71.0,8,11,2,4,3,0,False,True,True,True,False,False,False,False,False,False,False
0,746,3,16.0,20.25,1,7,2,0,3,0,False,True,True,False,False,False,False,False,False,False,True
1,747,2,30.0,13.0,3,5,1,2,1,1,False,True,False,False,False,False,False,False,False,False,True
0,748,1,19.0,53.1,2,10,1,0,2,0,False,True,True,False,False,True,False,False,False,False,False
0,749,3,31.0,7.75,3,1,1,0,1,1,True,False,True,False,False,False,False,False,False,False,True
1,750,2,4.0,23.0,0,7,1,2,3,0,False,True,False,False,False,False,False,False,False,False,True
1,751,3,6.0,12.475,0,5,2,3,2,0,False,True,True,False,False,False,True,False,False,False,False
0,752,3,33.0,9.5,4,4,1,0,1,1,False,True,True,False,False,False,False,False,False,False,True
0,753,3,23.0,7.8958,2,2,1,0,1,1,False,True,True,False,False,False,False,False,False,False,True
1,754,2,48.0,65.0,5,11,2,1,4,0,False,True,False,False,False,False,False,False,False,False,True
1,755,2,0.67,14.5,0,6,2,3,3,0,False,True,True,False,False,False,False,False,False,False,True
0,756,3,28.0,7.7958,3,2,1,0,1,1,False,True,True,False,False,False,False,False,False,False,True
0,757,2,18.0,11.5,2,5,1,0,1,1,False,True,True,False,False,False,False,False,False,False,True
0,758,3,34.0,8.05,4,3,1,0,1,1,False,True,True,False,False,False,False,False,False,False,True
1,759,1,33.0,86.5,4,12,3,4,1,1,False,True,False,True,False,False,False,False,False,False,False
0,760,3,28.0,14.5,3,6,2,0,1,1,False,True,True,False,False,False,False,False,False,False,True
0,761,3,41.0,7.125,5,0,1,0,1,1,False,True,True,False,False,False,False,False,False,False,True
1,762,3,20.0,7.2292,2,0,1,0,1,1,False,False,True,False,False,False,False,False,False,False,True
1,763,1,36.0,120.0,4,12,4,1,4,0,False,True,False,True,False,False,False,False,False,False,False
0,764,3,16.0,7.775,1,2,1,0,1,1,False,True,True,False,False,False,False,False,False,False,True
1,765,1,51.0,77.9583,6,11,3,1,2,0,False,True,False,False,False,True,False,False,False,False,False
0,766,1,28.0,39.6,3,10,1,4,1,1,False,False,True,False,False,False,False,False,False,False,True
0,767,3,30.5,7.75,3,1,1,2,1,1,True,False,False,False,False,False,False,False,False,False,True
0,768,3,28.0,24.15,3,8,3,0,2,0,True,False,True,False,False,False,False,False,False,False,True
0,769,3,32.0,8.3625,3,4,1,0,1,1,False,True,True,False,False,False,False,False,False,False,True
0,770,3,24.0,9.5,2,4,1,0,1,1,False,True,True,False,False,False,False,False,False,False,True
0,771,3,48.0,7.8542,5,2,1,0,1,1,False,True,True,False,False,False,False,False,False,False,True
0,772,2,57.0,10.5,7,4,2,1,1,1,False,True,False,False,False,False,True,False,False,False,False
0,773,3,28.0,7.225,3,0,1,0,1,1,False,False,True,False,False,False,False,False,False,False,True
1,774,2,54.0,23.0,6,7,1,1,5,0,False,True,False,False,False,False,False,False,False,False,True
0,775,3,18.0,7.75,2,1,1,0,1,1,False,True,True,False,False,False,False,False,False,False,True
0,776,3,28.0,7.75,3,1,1,0,1,1,True,False,True,False,False,False,False,True,False,False,False
1,777,3,5.0,12.475,0,5,2,2,1,1,False,True,False,False,False,False,False,False,False,False,True
0,778,3,28.0,7.7375,3,1,1,0,1,1,True,False,True,False,False,False,False,False,False,False,True
1,779,1,43.0,211.3375,5,12,3,1,2,0,False,True,False,True,False,False,False,False,False,False,False
1,780,3,13.0,7.2292,1,0,1,2,1,1,False,False,False,False,False,False,False,False,False,False,True
1,781,1,17.0,57.0,2,11,2,1,2,0,False,True,False,True,False,False,False,False,False,False,False
0,782,1,29.0,30.0,3,9,1,0,1,1,False,True,True,False,False,True,False,False,False,False,False
0,783,3,28.0,23.45,3,7,2,0,4,0,False,True,True,False,False,False,False,False,False,False,True
0,784,3,25.0,7.05,3,0,1,0,1,1,False,True,True,False,False,False,False,False,False,False,True
0,785,3,25.0,7.25,3,1,1,0,1,1,False,True,True,False,False,False,False,False,False,False,True
1,786,3,18.0,7.4958,2,1,1,2,1,1,False,True,False,False,False,False,False,False,False,False,True
0,787,3,8.0,29.125,0,9,5,3,6,0,True,False,True,False,False,False,False,False,False,False,True
1,788,3,1.0,20.575,0,7,2,3,4,0,False,True,True,False,False,False,False,False,False,False,True
0,789,1,46.0,79.2,5,11,2,0,1,1,False,False,True,True,False,False,False,False,False,False,False
0,790,3,28.0,7.75,3,1,1,0,1,1,True,False,True,False,False,False,False,False,False,False,True
0,791,2,16.0,26.0,1,8,2,0,1,1,False,True,True,False,False,False,False,False,False,False,True
0,792,3,28.0,69.55,3,11,7,2,11,0,False,True,False,False,False,False,False,False,False,False,True
0,793,1,28.0,30.6958,3,9,1,0,1,1,False,False,True,False,False,False,False,False,False,False,True
0,794,3,25.0,7.8958,3,2,1,0,1,1,False,True,True,False,False,False,False,False,False,False,True
0,795,2,39.0,13.0,4,5,1,0,1,1,False,True,True,False,False,False,False,False,False,False,True
1,796,1,49.0,25.9292,6,8,1,4,1,1,False,True,False,False,False,True,False,False,False,False,False
1,797,3,31.0,8.6833,3,4,1,1,1,1,False,True,False,False,False,False,False,False,False,False,True
0,798,3,30.0,7.2292,3,0,1,0,1,1,False,False,True,False,False,False,False,False,False,False,True
0,799,3,30.0,24.15,3,8,3,1,3,0,False,True,False,False,False,False,False,False,False,False,True
0,800,2,34.0,13.0,4,5,2,0,1,1,False,True,True,False,False,False,False,False,False,False,True
1,801,2,31.0,26.25,3,8,3,1,3,0,False,True,False,False,False,False,False,False,False,False,True
1,802,1,11.0,120.0,1,12,4,3,4,0,False,True,True,True,False,False,False,False,False,False,False
1,803,3,0.42,8.5167,0,4,1,3,2,0,False,False,True,False,False,False,False,False,False,False,True
1,804,3,27.0,6.975,3,0,1,0,1,1,False,True,True,False,False,False,False,False,False,False,True
0,805,3,31.0,7.775,3,2,1,0,1,1,False,True,True,False,False,False,False,False,False,False,True
0,806,1,39.0,0.0,4,0,1,0,1,1,False,True,True,False,False,False,False,False,False,False,False
0,807,3,18.0,7.775,2,2,1,2,1,1,False,True,False,False,False,False,False,False,False,False,True
0,808,2,39.0,13.0,4,5,1,0,1,1,False,True,True,False,False,False,False,False,False,False,True
1,809,1,33.0,53.1,4,10,2,1,2,0,False,True,False,False,False,False,True,False,False,False,False
0,810,3,26.0,7.8875,3,2,1,0,1,1,False,True,True,False,False,False,False,False,False,False,True
0,811,3,39.0,24.15,4,8,2,0,1,1,False,True,True,False,False,False,False,False,False,False,True
0,812,2,35.0,10.5,4,4,1,0,1,1,False,True,True,False,False,False,False,False,False,False,True
0,813,3,6.0,31.275,0,9,7,2,7,0,False,True,False,False,False,False,False,False,False,False,True
0,814,3,30.5,8.05,3,3,1,0,1,1,False,True,True,False,False,False,False,False,False,False,True
0,815,1,28.0,0.0,3,0,1,0,1,1,False,True,True,True,False,False,False,False,False,False,False
0,816,3,23.0,7.925,2,3,1,2,1,1,False,True,False,False,False,False,False,False,False,False,True
0,817,2,31.0,37.0042,3,10,2,0,3,0,False,False,True,False,False,False,False,False,False,False,True
0,818,3,43.0,6.45,5,0,1,0,1,1,False,True,True,False,False,False,False,False,False,False,True
0,819,3,10.0,27.9,1,9,6,3,6,0,False,True,True,False,False,False,False,False,False,False,True
1,820,1,52.0,93.5,6,12,2,1,3,0,False,True,False,True,False,False,False,False,False,False,False
1,821,3,27.0,8.6625,3,4,1,0,1,1,False,True,True,False,False,False,False,False,False,False,True
0,822,1,38.0,0.0,4,0,1,4,1,1,False,True,True,False,False,False,False,False,False,False,True
1,823,3,27.0,12.475,3,5,2,1,2,0,False,True,False,False,False,False,True,False,False,False,False
0,824,3,2.0,39.6875,0,10,6,3,6,0,False,True,True,False,False,False,False,False,False,False,True
0,825,3,28.0,6.95,3,0,1,0,1,1,True,False,True,False,False,False,False,False,False,False,True
0,826,3,28.0,56.4958,3,11,7,0,1,1,False,True,True,False,False,False,False,False,False,False,True
1,827,2,1.0,37.0042,0,10,2,3,3,0,False,False,True,False,False,False,False,False,False,False,True
1,828,3,28.0,7.75,3,1,1,0,1,1,True,False,True,False,False,False,False,False,False,False,True
1,829,1,62.0,80.0,7,11,2,1,1,1,False,True,False,True,False,False,False,False,False,False,False
1,830,3,15.0,14.4542,1,6,2,1,2,0,False,False,False,False,False,False,False,False,False,False,True
1,831,2,0.83,18.75,0,7,3,3,3,0,False,True,True,False,False,False,False,False,False,False,True
0,832,3,28.0,7.2292,3,0,1,0,1,1,False,False,True,False,False,False,False,False,False,False,True
0,833,3,23.0,7.8542,2,2,1,0,1,1,False,True,True,False,False,False,False,False,False,False,True
0,834,3,18.0,8.3,2,4,1,0,1,1,False,True,True,False,False,False,False,False,False,False,True
1,835,1,39.0,83.1583,4,11,1,2,3,0,False,False,False,False,False,False,True,False,False,False,False
0,836,3,21.0,8.6625,2,4,1,0,1,1,False,True,True,False,False,False,False,False,False,False,True
0,837,3,28.0,8.05,3,3,1,0,1,1,False,True,True,False,False,False,False,False,False,False,True
1,838,3,32.0,56.4958,3,11,7,0,1,1,False,True,True,False,False,False,False,False,False,False,True
1,839,1,28.0,29.7,3,9,1,0,1,1,False,False,True,False,True,False,False,False,False,False,False
0,840,3,20.0,7.925,2,3,1,0,1,1,False,True,True,False,False,False,False,False,False,False,True
0,841,2,16.0,10.5,1,4,2,0,1,1,False,True,True,False,False,False,False,False,False,False,True
1,842,1,30.0,31.0,3,9,2,2,1,1,False,False,False,False,False,False,False,False,False,False,True
0,843,3,34.5,6.4375,4,0,1,0,1,1,False,False,True,False,False,False,False,False,False,False,True
0,844,3,17.0,8.6625,2,4,1,0,1,1,False,True,True,False,False,False,False,False,False,False,True
0,845,3,42.0,7.55,5,1,1,0,1,1,False,True,True,False,False,False,False,False,False,False,True
0,846,3,28.0,69.55,3,11,7,0,11,0,False,True,True,False,False,False,False,False,False,False,True
0,847,3,35.0,7.8958,4,2,1,0,1,1,False,False,True,False,False,False,False,False,False,False,True
0,848,2,28.0,33.0,3,9,3,4,2,0,False,True,True,False,False,False,False,False,False,False,True
1,849,1,28.0,89.1042,3,12,2,1,2,0,False,False,False,False,True,False,False,False,False,False,False
0,850,3,4.0,31.275,0,9,7,3,7,0,False,True,True,False,False,False,False,False,False,False,True
0,851,3,74.0,7.775,9,2,1,0,1,1,False,True,True,False,False,False,False,False,False,False,True
0,852,3,9.0,15.2458,1,6,2,2,3,0,False,False,False,False,False,False,False,False,False,False,True
1,853,1,16.0,39.4,1,10,1,2,2,0,False,True,False,False,False,True,False,False,False,False,False
0,854,2,44.0,26.0,5,8,2,1,2,0,False,True,False,False,False,False,False,False,False,False,True
1,855,3,18.0,9.35,2,4,1,1,2,0,False,True,False,False,False,False,False,False,False,False,True
1,856,1,45.0,164.8667,5,12,2,1,3,0,False,True,False,False,False,False,False,False,False,False,True
1,857,1,51.0,26.55,6,8,1,0,1,1,False,True,True,False,False,False,True,False,False,False,False
1,858,3,24.0,19.2583,2,7,4,1,4,0,False,False,False,False,False,False,False,False,False,False,True
0,859,3,28.0,7.2292,3,0,1,0,1,1,False,False,True,False,False,False,False,False,False,False,True
0,860,3,41.0,14.1083,5,6,1,0,3,0,False,True,True,False,False,False,False,False,False,False,True
0,861,2,21.0,11.5,2,5,1,0,2,0,False,True,True,False,False,False,False,False,False,False,True
1,862,1,48.0,25.9292,5,8,1,1,1,1,False,True,False,False,False,True,False,False,False,False,False
0,863,3,28.0,69.55,3,11,7,2,11,0,False,True,False,False,False,False,False,False,False,False,True
0,864,2,24.0,13.0,2,5,1,0,1,1,False,True,True,False,False,False,False,False,False,False,True
1,865,2,42.0,13.0,5,5,1,1,1,1,False,True,False,False,False,False,False,False,False,False,True
1,866,2,27.0,13.8583,3,6,1,2,2,0,False,False,False,False,False,False,False,False,False,False,True
0,867,1,31.0,50.4958,3,10,1,0,1,1,False,True,True,False,False,False,False,False,False,False,False
0,868,3,28.0,9.5,3,4,1,0,1,1,False,True,True,False,False,False,False,False,False,False,True
1,869,3,4.0,11.1333,0,5,3,3,3,0,False,True,True,False,False,False,False,False,False,False,True
0,870,3,26.0,7.8958,3,2,1,0,1,1,False,True,True,False,False,False,False,False,False,False,True
1,871,1,47.0,52.5542,5,10,2,1,3,0,False,True,False,False,False,True,False,False,False,False,False
0,872,1,33.0,5.0,4,0,1,0,1,1,False,True,True,True,False,False,False,False,False,False,False
0,873,3,47.0,9.0,5,4,1,0,1,1,False,True,True,False,False,False,False,False,False,False,True
1,874,2,28.0,24.0,3,7,2,1,2,0,False,False,False,False,False,False,False,False,False,False,True
1,875,3,15.0,7.225,1,0,1,2,1,1,False,False,False,False,False,False,False,False,False,False,True
0,876,3,20.0,9.8458,2,4,2,0,1,1,False,True,True,False,False,False,False,False,False,False,True
0,877,3,19.0,7.8958,2,2,1,0,1,1,False,True,True,False,False,False,False,False,False,False,True
0,878,3,28.0,7.8958,3,2,1,0,1,1,False,True,True,False,False,False,False,False,False,False,True
1,879,1,56.0,83.1583,6,11,2,1,2,0,False,False,False,False,True,False,False,False,False,False,False
1,880,2,25.0,26.0,3,8,2,1,2,0,False,True,False,False,False,False,False,False,False,False,True
0,881,3,33.0,7.8958,4,2,1,0,1,1,False,True,True,False,False,False,False,False,False,False,True
0,882,3,22.0,10.5167,2,5,1,2,1,1,False,True,False,False,False,False,False,False,False,False,True
0,883,2,28.0,10.5,3,4,1,0,1,1,False,True,True,False,False,False,False,False,False,False,True
0,884,3,25.0,7.05,3,0,1,0,1,1,False,True,True,False,False,False,False,False,False,False,True
0,885,3,39.0,29.125,4,9,5,1,6,0,True,False,False,False,False,False,False,False,False,False,True
0,886,2,27.0,13.0,3,5,1,4,1,1,False,True,True,False,False,False,False,False,False,False,True
1,887,1,19.0,30.0,2,9,1,2,1,1,False,True,False,True,False,False,False,False,False,False,False
0,888,3,28.0,23.45,3,7,2,2,4,0,False,True,False,False,False,False,False,False,False,False,True
1,889,1,26.0,30.0,3,9,1,0,1,1,False,False,True,False,True,False,False,False,False,False,False
0,890,3,32.0,7.75,3,1,1,0,1,1,True,False,True,False,False,False,False,False,False,False,True
